,Cultivar ID,Cultivar Name,Subpopulation,Plant Height (cm),vg0130976864,vg0135617816,vg0138428840,vg0405463422,vg0713178880,vg0819793460,vg1019044175,vg1123563633,vg1207667840,Sequence
0,C152,02428,Temperate Japonica,100.0,A,C,T,G,T,A,C,T,T,ACTGTACTT
1,W146,10340,Indica I,127.4,G,C,C,G,T,A,T,T,T,GCCGTATTT
2,W150,108S,Indica II,104.6,G,C,T,T,T,A,T,T,T,GCTTTATTT
3,W129,2,VI/Aromatic,151.2,G,C,C,T,T,A,C,T,C,GCCTTACTC
4,W086,4484,Indica II,103.4,G,C,T,G,T,A,T,T,T,GCTGTATTT
5,W195,452,Indica II,123.8,G,C,T,G,T,A,T,T,T,GCTGTATTT
6,W138,4595,Indica I,102.0,G,C,T,T,T,A,T,T,T,GCTTTATTT
7,C167,76--1,Indica Intermediate,108.23,G,C,T,T,T,A,T,T,T,GCTTTATTT
8,W077,79,VI/Aromatic,182.4,G,C,C,T,T,T,C,C,C,GCCTTTCCC
9,C114,80B,Indica Intermediate,86.87,A,C,T,T,T,A,T,C,T,ACTTTATCT
10,C030,88B-1,Indica Intermediate,99.57,G,C,T,T,T,A,T,T,T,GCTTTATTT
11,C031,88B-2,Indica Intermediate,96.27,G,C,T,T,T,A,T,T,T,GCTTTATTT
12,W149,93072,Indica Intermediate,112.6,G,C,T,T,T,A,T,T,T,GCTTTATTT
13,C148,9311,Indica II,117.2,G,C,T,G,T,A,T,T,T,GCTGTATTT
14,W069,99216,Aus,146.4,G,C,C,G,T,T,C,T,C,GCCGTTCTC
15,W079,A_152,Intermediate,147.6,G,C,C,G,T,T,T,C,T,GCCGTTTCT
16,W139,A_5,Temperate Japonica,96.4,G,C,T,G,T,A,C,T,T,GCTGTACTT
17,W307,AGNO_(PSBRC28),Indica II,101.0,G,C,T,T,T,A,T,T,T,GCTTTATTT
18,W197,Ai-Zi-DAO,Indica II,112.8,G,C,T,G,T,A,T,T,T,GCTGTATTT
19,W029,Ai_Chueh_Ta_Pai_Ku,Indica Intermediate,147.8,G,C,T,T,T,A,T,C,C,GCTTTATCC
20,W290,Aichi_Asahi,Temperate Japonica,116.4,G,C,T,G,T,A,C,C,T,GCTGTACCT
21,C129,Aihechi,Indica Intermediate,166.87,G,C,C,T,T,T,T,T,C,GCCTTTTTC
22,C019,Aijiaonante,Indica I,80.25,G,C,T,T,T,A,T,T,T,GCTTTATTT
23,C173,Aimakang,Indica I,114.4,G,C,T,T,T,T,T,T,C,GCTTTTTTC
24,C178,Aimi,Indica I,107.67,G,C,T,G,T,A,T,T,T,GCTGTATTT
25,C122,Aituogu151,Indica I,118.1,G,C,T,T,T,A,T,C,T,GCTTTATCT
26,W242,Ajaya,Indica Intermediate,106.2,G,C,T,G,T,A,T,T,T,GCTGTATTT
27,W050,Ak_Tokhum,VI/Aromatic,174.8,G,C,T,G,T,A,C,C,C,GCTGTACCC
28,W305,AKITAKOMACHI,Temperate Japonica,74.0,A,C,T,G,T,A,C,T,T,ACTGTACTT
29,W071,AKP_4,Indica Intermediate,104.6,G,C,C,G,T,A,T,T,T,GCCGTATTT
30,W101,AMANE,Indica Intermediate,149.8,G,C,T,T,T,A,T,T,C,GCTTTATTC
31,W258,Amareles,VI/Aromatic,158.4,G,C,C,T,T,A,C,C,C,GCCTTACCC
32,W172,Amo13_(Sana),Indica II,100.2,G,C,T,G,T,T,T,T,T,GCTGTTTTT
33,W273,Anambae_ndanggalasi,Tropical Japonica,156.2,G,C,T,G,A,A,T,T,C,GCTGAATTC
34,C017,AnnongwangengB-1,Temperate Japonica,92.67,A,C,T,G,T,A,C,T,T,ACTGTACTT
35,C018,AnnongwangengB-2,Temperate Japonica,78.27,A,C,T,G,T,A,C,T,T,ACTGTACTT
36,W144,Ao_Chiu_2_Hao,Indica I,168.4,G,C,C,T,T,A,T,T,C,GCCTTATTC
37,W112,ARC_10633,Indica III,167.2,G,C,T,T,T,T,C,T,T,GCTTTTCTT
38,W061,Ardito,Japonica Intermediate,121.8,A,C,T,G,T,A,C,T,T,ACTGTACTT
39,W192,ASD16,Intermediate,121.2,G,C,T,G,T,T,T,T,C,GCTGTTTTC
40,W239,ASD18,Indica Intermediate,109.8,G,C,T,G,T,A,T,T,C,GCTGTATTC
41,W330,ASWINA_330,Aus,149.6,G,C,C,T,T,T,C,C,C,GCCTTTCCC
42,W223,At354,Indica II,103.6,G,C,T,T,T,A,T,C,T,GCTTTATCT
43,W296,AUS_371,Aus,138.8,G,C,C,T,T,T,C,T,C,GCCTTTCTC
44,W297,AUS_373,Aus,161.2,G,C,C,T,T,T,C,T,C,GCCTTTCTC
45,W287,AUS_449,Aus,150.2,G,C,C,G,T,T,C,T,C,GCCGTTCTC
46,C005,AZUCENA,Tropical Japonica,163.33,G,C,T,T,A,A,T,T,C,GCTTAATTC
47,W078,B805D-MR-16-8-3,Indica Intermediate,96.8,G,C,T,G,T,A,T,C,T,GCTGTATCT
48,C101,Babaili,Temperate Japonica,192.07,G,C,T,G,A,A,C,C,C,GCTGAACCC
49,W198,Babaomi,Indica Intermediate,180.0,G,C,C,T,T,A,T,T,C,GCCTTATTC
50,C127,Baikehualuo,Indica I,152.54,G,C,T,T,T,A,T,T,C,GCTTTATTC
51,C184,Baikezaohe,Indica I,156.17,G,C,C,T,T,A,T,C,C,GCCTTATCC
52,C150,Balilla,Temperate Japonica,90.32,A,C,T,G,T,A,C,T,T,ACTGTACTT
53,C160,Baoxie-7B,Indica Intermediate,83.68,G,C,T,T,T,A,T,T,T,GCTTTATTT
54,W211,Basmati370,Indica II,97.0,G,C,T,G,T,A,T,T,T,GCTGTATTT
55,W306,BASMATI_385,VI/Aromatic,129.6,G,C,T,G,T,T,C,C,C,GCTGTTCCC
56,C059,Bawangbian1,Indica I,113.43,G,C,T,T,T,A,T,C,T,GCTTTATCT
57,C199,Beizinuo,Indica I,187.53,G,C,C,T,T,T,T,T,C,GCCTTTTTC
58,C076,Benbanggu-1,Indica I,127.36,G,C,C,T,T,A,T,C,C,GCCTTATCC
59,C077,Benbanggu-2,Indica I,149.8,G,C,C,T,T,A,T,C,C,GCCTTATCC
60,W009,BERLIN,Indica III,193.8,G,C,C,T,T,T,T,T,T,GCCTTTTTT
61,W180,Bg300,Indica Intermediate,108.0,G,C,T,T,T,A,T,T,T,GCTTTATTT
62,W224,BG304,Indica II,116.0,G,C,T,T,T,A,T,T,T,GCTTTATTT
63,W168,Bg90-2,Indica II,101.4,G,C,T,G,T,A,T,T,T,GCTGTATTT
64,W181,Bg94-1,Indica Intermediate,105.8,G,C,T,T,T,T,T,T,T,GCTTTTTTT
65,W212,Bhavani,Indica Intermediate,159.6,G,C,C,T,T,A,T,T,C,GCCTTATTC
66,W122,BHIM_DHAN,Japonica Intermediate,169.8,G,C,T,G,T,A,C,T,C,GCTGTACTC
67,W262,Bintapan,Indica I,83.8,G,C,T,G,T,A,T,T,T,GCTGTATTT
68,C200,Biwusheng,Indica I,189.1,G,C,C,T,T,T,T,T,C,GCCTTTTTC
69,W044,BKN_6987-68-14,Indica II,98.8,G,C,T,G,T,A,T,T,T,GCTGTATTT
70,W038,BLUE_STICK,Temperate Japonica,138.0,G,C,T,G,T,A,C,T,T,GCTGTACTT
71,W120,Bombilla,Temperate Japonica,109.6,A,C,T,G,T,A,T,T,T,ACTGTATTT
72,W147,BR11,Indica Intermediate,117.6,G,C,T,G,T,T,T,T,T,GCTGTTTTT
73,W148,BR24,Indica Intermediate,168.4,G,C,T,T,T,T,T,T,T,GCTTTTTTT
74,W303,British_Honduras_Creole,Tropical Japonica,157.8,G,C,T,G,A,A,T,T,T,GCTGAATTT
75,W314,BRRI_DHAN_28,Indica II,111.2,G,C,C,G,T,A,T,T,C,GCCGTATTC
76,W310,BRRI_DHAN_29,Indica Intermediate,111.2,G,C,C,G,T,A,T,T,T,GCCGTATTT
77,W127,Buphopa,Japonica Intermediate,142.6,G,C,T,G,T,A,C,T,C,GCTGTACTC
78,W090,C.B._II,Aus,137.4,G,C,C,G,T,T,C,T,C,GCCGTTCTC
79,W151,C418,Indica II,98.0,G,C,T,T,T,A,T,T,T,GCTTTATTT
80,W233,C70,Indica Intermediate,114.2,G,C,T,T,T,A,T,T,T,GCTTTATTT
81,W003,C_5560,Tropical Japonica,140.4,A,C,T,G,A,A,C,T,C,ACTGAACTC
82,W022,C_8429,Tropical Japonica,146.0,G,C,T,G,A,A,T,T,T,GCTGAATTT
83,W104,CAROLINO_164,Aus,145.4,G,C,C,G,T,T,C,T,C,GCCGTTCTC
84,W152,CDR22,Indica II,110.0,G,C,T,T,T,A,T,T,T,GCTTTATTT
85,W082,Celiaj,Temperate Japonica,125.0,G,C,T,G,T,A,C,T,C,GCTGTACTC
86,W027,Chacareiro_Uruguay,Temperate Japonica,116.8,A,C,T,G,T,A,C,T,T,ACTGTACTT
87,C156,ChaoyangyihaoB,Indica I,73.13,G,C,T,T,T,A,T,C,T,GCTTTATCT
88,C037,Chengduai3hao,Indica I,105.33,G,C,T,T,T,A,T,T,T,GCTTTATTT
89,W153,Chenghui448,Indica II,103.8,G,C,T,G,T,A,T,T,T,GCTGTATTT
90,C050,Chengnongshuijing,Indica II,108.81,G,C,T,G,T,A,T,T,T,GCTGTATTT
91,C176,Chenwan3hao,Indica Intermediate,97.67,G,C,T,T,T,A,T,T,C,GCTTTATTC
92,C083,chikenuo,Temperate Japonica,174.7,G,C,T,G,A,A,T,C,T,GCTGAATCT
93,W264,CHOROFA,Indica Intermediate,91.4,G,C,T,T,T,A,T,T,T,GCTTTATTT
94,W036,Chun_118-33,Indica I,157.8,G,C,C,G,T,T,T,T,C,GCCGTTTTC
95,W088,CHUNJIANGZAO_NO._1,Temperate Japonica,70.6,A,C,T,G,T,A,C,T,T,ACTGTACTT
96,W315,CIBOGO,Indica II,102.0,G,C,T,T,T,A,T,T,T,GCTTTATTT
97,W312,CIGEULIS,Indica II,111.6,G,C,T,T,T,A,T,T,T,GCTTTATTT
98,W317,CIHERANG,Indica II,110.4,G,C,T,T,T,A,T,T,T,GCTTTATTT
99,W137,CM1;_HAIPONG,Indica Intermediate,125.6,G,C,C,T,T,A,C,T,C,GCCTTACTC
100,W083,CNTLR80076-44-1-1-1,Indica Intermediate,116.4,G,C,T,G,T,A,T,T,T,GCTGTATTT
101,W304,CPSLO_17,Intermediate,95.8,G,C,T,G,T,T,T,T,T,GCTGTTTTT
102,W182,CR203,Indica II,101.2,G,C,T,G,T,A,T,T,T,GCTGTATTT
103,W007,Criollo_Chivacoa_2,Tropical Japonica,150.8,G,C,T,G,A,A,T,T,C,GCTGAATTC
104,W064,CSORNUJ,Temperate Japonica,106.2,G,C,T,G,T,A,C,T,T,GCTGTACTT
105,C137,Cungunuo,Temperate Japonica,170.0,G,C,T,G,A,A,C,C,C,GCTGAACCC
106,C074,cunsanli,Temperate Japonica,143.65,G,C,T,G,T,A,C,T,C,GCTGTACTC
107,C010,CYPRESS,Tropical Japonica,106.7,G,C,T,G,T,A,C,T,T,GCTGTACTT
108,W256,Dacca6,VI/Aromatic,160.0,G,C,C,G,T,A,C,C,C,GCCGTACCC
109,W283,Daegujo,Temperate Japonica,68.4,A,C,T,G,T,A,C,T,T,ACTGTACTT
110,C057,Dandongludao,Japonica Intermediate,123.63,A,C,T,G,T,A,C,T,T,ACTGTACTT
111,C069,Dangyu5hao,Indica II,115.8,G,C,T,G,T,A,T,T,T,GCTGTATTT
112,W134,Dara,Aus,150.0,G,C,C,G,T,A,C,T,C,GCCGTACTC
113,W106,Daudzai_Field_Mix,Aus,169.4,G,C,C,G,T,T,C,T,T,GCCGTTCTT
114,W193,Dianjing,Temperate Japonica,121.4,A,C,T,G,A,A,C,T,T,ACTGAACTT
115,C027,Dianrui409B,Indica Intermediate,100.47,G,C,T,G,T,A,T,T,C,GCTGTATTC
116,W199,Diantun502,Indica Intermediate,125.2,G,C,T,T,T,A,T,T,C,GCTTTATTC
117,W043,Dichroa_Alef_Uslkij,Indica Intermediate,105.4,G,C,T,T,T,A,T,T,T,GCTTTATTT
118,W096,DJ_102,Aus,165.2,G,C,C,G,T,T,C,T,C,GCCGTTCTC
119,W095,DJ_24,Aus,165.8,G,C,C,G,T,T,C,C,C,GCCGTTCCC
120,W142,DNJ_121,Aus,149.4,G,C,C,G,T,T,C,T,C,GCCGTTCTC
121,W141,DNJ_179,Aus,151.6,G,C,C,T,T,T,C,T,C,GCCTTTCTC
122,W028,Doble_Carolina,Aus,164.2,G,T,C,G,T,T,C,T,C,GTCGTTCTC
123,W243,Dodda,Indica II,105.6,G,C,T,G,T,A,T,T,T,GCTGTATTT
124,C002,Dom_Sufid,VI/Aromatic,177.62,G,C,C,T,T,T,C,C,C,GCCTTTCCC
125,W219,Domsiah,VI/Aromatic,161.0,G,C,C,G,T,T,C,C,C,GCCGTTCCC
126,C060,Dongtingwanxian,Indica I,114.73,G,C,T,T,T,A,T,C,C,GCTTTATCC
127,W288,Dourado_Precoce,Tropical Japonica,144.2,G,C,T,G,A,A,T,T,C,GCTGAATTC
128,C015,Dular,Aus,152.2,G,C,C,T,T,T,C,C,C,GCCTTTCCC
129,W002,E_B_Gopher,Tropical Japonica,157.4,G,C,T,T,A,A,T,T,C,GCTTAATTC
130,W089,Egyptian_Wild_Type,Indica III,136.4,G,C,C,G,T,T,T,T,T,GCCGTTTTT
131,W250,Eiko,Temperate Japonica,123.2,A,C,T,G,A,A,C,T,T,ACTGAACTT
132,W118,EMBRAPA_1200,Tropical Japonica,84.2,G,C,T,G,T,A,T,T,T,GCTGTATTT
133,W274,Er_chiu_ching,Indica I,70.8,G,C,T,T,T,T,T,T,T,GCTTTTTTT
134,C155,Erjiunan1hao,Indica I,69.47,G,C,T,T,T,A,T,C,T,GCTTTATCT
135,C073,Esiniu,Indica I,167.83,G,C,C,T,T,T,T,T,C,GCCTTTTTC
136,W194,F6,Indica II,108.8,G,C,T,G,T,T,T,T,T,GCTGTTTTT
137,C086,Fanhaopi,Aus,147.17,G,C,C,T,T,A,C,T,C,GCCTTACTC
138,C181,Feidongtangdao,Temperate Japonica,137.9,G,C,T,G,T,A,C,T,T,GCTGTACTT
139,W323,Feienuo2,Japonica Intermediate,136.4,A,C,T,G,T,A,C,T,C,ACTGTACTC
140,W154,Fengaizhan,Indica II,102.4,G,C,T,G,T,T,T,T,T,GCTGTTTTT
141,C023,Funingzipi,Temperate Japonica,89.39,G,C,T,G,T,A,C,T,T,GCTGTACTT
142,W091,Gallawa,Aus,148.2,G,C,C,G,T,T,C,C,C,GCCGTTCCC
143,W155,Gang46B,Indica Intermediate,98.4,A,C,T,G,T,T,T,T,T,ACTGTTTTT
144,C082,Gaoyangdiandao,Temperate Japonica,156.46,G,C,T,G,T,A,C,T,C,GCTGTACTC
145,W286,Garia,Aus,154.8,G,C,C,G,T,T,C,T,C,GCCGTTCTC
146,W081,Gasym_Hany,VI/Aromatic,130.2,G,C,C,G,T,A,C,C,C,GCCGTACCC
147,W174,Gayabyeo,Indica II,84.0,G,C,T,T,T,A,T,T,T,GCTTTATTT
148,W068,Gazan,Temperate Japonica,139.8,G,C,T,T,T,A,C,T,T,GCTTTACTT
149,C063,Geng87-304,Temperate Japonica,115.54,A,C,T,G,A,A,C,C,C,ACTGAACCC
150,C003,Gerdeh,Japonica Intermediate,141.57,G,C,T,G,T,A,C,T,T,GCTGTACTT
151,W261,Ginga,Intermediate,132.4,G,C,T,T,T,T,C,C,C,GCTTTTCCC
152,W209,Gizal159,Temperate Japonica,142.4,A,C,T,G,T,A,C,T,T,ACTGTACTT
153,C039,Gongju73,Indica I,109.43,G,C,T,T,T,A,T,C,T,GCTTTATCT
154,W237,Govnd,Indica II,115.8,G,C,T,G,T,A,T,T,T,GCTGTATTT
155,W053,GPNO_1106,Tropical Japonica,152.6,G,C,T,G,A,A,T,T,T,GCTGAATTT
156,W329,GPNO_5055,Tropical Japonica,147.4,G,C,T,G,T,A,T,T,C,GCTGTATTC
157,W057,Grassy,Tropical Japonica,182.2,G,C,T,G,A,A,T,T,T,GCTGAATTT
158,C118,Gu154,Indica II,88.27,G,C,T,G,T,A,C,T,T,GCTGTACTT
159,W319,Guangkexiangnuo,Temperate Japonica,174.2,G,C,T,G,A,A,C,C,C,GCTGAACCC
160,C020,Guangluai-4-1,Indica I,78.17,G,C,T,T,T,A,T,C,T,GCTTTATCT
161,C158,Guangluai15,Indica I,85.17,G,C,T,T,T,A,T,C,T,GCTTTATCT
162,W325,Guantuibaihe,Temperate Japonica,135.8,G,C,T,G,A,A,C,T,C,GCTGAACTC
163,C166,Gui630,Indica Intermediate,94.73,G,C,T,G,T,A,T,T,T,GCTGTATTT
164,C042,Guichao2hao,Indica Intermediate,103.67,G,C,T,G,T,A,T,T,T,GCTGTATTT
165,C052,Guihuahuang,Temperate Japonica,107.0,A,C,T,G,T,A,C,T,C,ACTGTACTC
166,W156,Gumei2hao,Indica I,99.2,G,C,T,T,T,A,T,T,T,GCTTTATTT
167,W145,GUYANE_1,Indica Intermediate,177.4,G,C,C,T,T,A,C,T,T,GCCTTACTT
168,C161,Gzhenshan97B,Indica I,93.5,G,C,T,T,T,A,T,C,T,GCTTTATCT
169,W019,H57-3-1,Japonica Intermediate,124.8,G,C,T,G,T,A,C,T,T,GCTGTACTT
170,C080,Hanmadao-1,Indica I,170.53,G,C,C,T,T,T,T,T,T,GCCTTTTTT
171,C047,Hanmadao-2,Indica I,97.53,G,C,C,T,T,T,T,T,T,GCCTTTTTT
172,C179,Haobayong1,Temperate Japonica,133.53,G,C,T,G,T,A,C,T,C,GCTGTACTC
173,C084,Haobuka,Japonica Intermediate,157.62,G,C,T,G,T,A,C,C,C,GCTGTACCC
174,W326,Haolvguangnian,Japonica Intermediate,155.4,G,C,T,G,T,A,C,T,C,GCTGTACTC
175,C185,Haomake(K),Japonica Intermediate,145.0,A,C,T,G,T,A,C,T,C,ACTGTACTC
176,W052,HB-6-2,Temperate Japonica,98.6,A,C,T,G,T,A,C,T,T,ACTGTACTT
177,W275,Heen_goda_wee,Tropical Japonica,148.2,G,C,T,G,A,A,T,T,T,GCTGAATTT
178,C081,Heidu4,Indica I,155.8,G,C,C,T,T,A,T,C,C,GCCTTATCC
179,C154,Heigeng2hao,Temperate Japonica,77.43,A,C,T,G,T,A,C,T,T,ACTGTACTT
180,W200,Heiheaihui,Indica Intermediate,115.4,G,C,T,T,T,A,T,T,T,GCTTTATTT
181,W248,Heimichut,Indica I,145.4,G,C,T,T,T,A,T,T,T,GCTTTATTT
182,C182,Hengxianliangchun,Indica I,161.2,G,C,C,T,T,A,T,T,C,GCCTTATTC
183,W114,Heo_Trang,Indica III,181.4,G,C,C,G,T,A,T,T,C,GCCGTATTC
184,W108,Hi_Muke,Aus,161.2,G,C,C,G,T,T,C,T,C,GCCGTTCTC
185,W105,HKG_98,Aus,156.6,G,C,C,T,T,A,C,T,C,GCCTTACTC
186,C098,Hongainuo,Indica Intermediate,178.27,G,C,C,T,T,A,C,T,C,GCCTTACTC
187,C106,Hongkezhenuo,Temperate Japonica,191.0,G,C,T,G,A,A,C,C,C,GCTGAACCC
188,C195,Hongmisandan,Temperate Japonica,171.79,G,C,T,G,T,A,C,T,T,GCTGTACTT
189,C065,Hongwan1hao,Indica Intermediate,109.07,G,C,T,G,T,A,T,T,T,GCTGTATTT
190,W132,Hsin_Hsing_Pai_Ku,Indica I,156.0,G,C,T,T,T,T,T,C,C,GCTTTTTCC
191,W157,Huajingxian74,Indica Intermediate,95.2,G,C,T,G,T,A,T,T,T,GCTGTATTT
192,C075,Huangkezaonian,Temperate Japonica,131.3,G,C,T,G,T,A,C,T,C,GCTGTACTC
193,C144,Huangpinuo,Temperate Japonica,206.73,G,C,T,T,A,A,C,C,C,GCTTAACCC
194,C045,Huangsiguizhan,Indica Intermediate,106.23,G,C,T,G,T,A,T,T,C,GCTGTATTC
195,C029,Huhui628,Japonica Intermediate,94.0,A,C,T,G,T,A,C,T,T,ACTGTACTT
196,C043,Huke3hao,Indica I,106.33,G,C,T,G,T,A,T,T,T,GCTGTATTT
197,W131,IARI_6621,Aus,161.0,G,C,C,G,T,T,C,T,C,GCCGTTCTC
198,W020,IARI_6626,Aus,136.6,G,C,C,G,T,T,T,C,C,GCCGTTTCC
199,W175,Iksan438,Intermediate,101.0,G,C,T,T,T,A,C,T,T,GCTTTACTT
200,W040,INIAP_7,Indica II,108.4,G,C,T,T,T,A,T,T,T,GCTTTATTT
201,W213,IR50,Indica Intermediate,137.4,G,C,T,G,T,A,T,T,T,GCTGTATTT
202,W189,IR58025B,Indica II,114.2,G,C,T,T,T,A,T,T,T,GCTTTATTT
203,W222,ir6,Indica II,115.6,G,C,T,T,T,A,T,T,T,GCTTTATTT
204,W269,IR65600-27-1-2-2,Indica Intermediate,96.0,G,C,T,T,T,A,T,T,C,GCTTTATTC
205,C164,IR661-1,Indica II,95.53,G,C,T,G,T,A,T,T,T,GCTGTATTT
206,W188,IR66897B,Indica II,102.0,G,C,T,G,T,A,T,T,C,GCTGTATTC
207,W187,IR68552-55-3-2,Indica Intermediate,105.2,G,C,T,G,T,A,T,T,T,GCTGTATTT
208,W169,IR72,Indica II,93.6,G,C,T,T,T,A,T,T,T,GCTTTATTT
209,W073,IR_2061-214-2-3,Indica II,98.8,G,C,T,T,T,A,T,T,C,GCTTTATTC
210,W291,IR_2071-625-1-252,Indica II,96.6,G,C,T,T,T,T,T,T,T,GCTTTTTTT
211,W066,IR_238,Indica Intermediate,102.2,G,C,C,G,T,T,T,T,T,GCCGTTTTT
212,W298,IR_36,Indica II,95.2,G,C,T,T,T,T,T,T,T,GCTTTTTTT
213,W084,IR_58614-B-B-8-2,Indica Intermediate,114.4,G,C,T,T,T,T,T,T,C,GCTTTTTTC
214,W301,IR_64,Indica II,95.6,G,C,T,G,T,A,T,T,T,GCTGTATTT
215,W289,IR_661-1-140-3-117,Indica II,104.4,G,C,T,G,T,A,T,T,T,GCTGTATTT
216,W293,IR_8,Indica II,83.4,G,C,T,T,T,A,T,T,T,GCTTTATTT
217,W046,IR_9660-48-1-1-2,Indica II,96.0,G,C,T,T,T,A,T,T,T,GCTTTATTT
218,C153,IRAT109,Tropical Japonica,105.07,G,C,T,G,A,A,T,T,T,GCTGAATTT
219,W217,IRAT352,Indica Intermediate,133.8,G,C,T,G,T,A,T,T,T,GCTGTATTT
220,W140,Ittikulama,Aus,145.8,G,C,C,T,T,T,C,T,T,GCCTTTCTT
221,W279,Jabor_sail,Aus,166.6,G,C,C,G,T,T,C,C,C,GCCGTTCCC
222,W299,JAYA,Indica Intermediate,90.8,G,C,T,G,T,T,T,T,T,GCTGTTTTT
223,W214,Jhona349,Aus,153.8,G,C,C,G,T,T,C,T,C,GCCGTTCTC
224,C040,Jiabala,Indica I,102.46,G,C,T,G,T,A,T,C,T,GCTGTATCT
225,C117,Jiangnongzao1hao,Indica Intermediate,110.43,G,C,T,T,T,A,T,T,T,GCTTTATTT
226,W201,Jiangxisimiao,Indica Intermediate,108.2,G,C,T,G,T,A,T,T,T,GCTGTATTT
227,C125,Jiefangxian,Indica I,145.65,G,C,C,G,T,A,T,T,C,GCCGTATTC
228,C097,Jinbaoyin,Indica Intermediate,172.2,G,C,C,T,T,T,T,T,T,GCCTTTTTT
229,C056,Jindao1hao,Temperate Japonica,99.03,G,C,T,G,T,A,C,C,T,GCTGTACCT
230,W327,JinghuB,Temperate Japonica,89.8,A,C,T,G,T,A,C,T,C,ACTGTACTC
231,C112,Jinnante43B,Indica I,77.43,G,C,T,T,T,A,T,T,T,GCTTTATTT
232,C022,JinnanteB,Indica I,77.3,G,C,T,G,T,A,T,T,T,GCTGTATTT
233,C096,Jinxibai-1,Indica Intermediate,166.4,G,C,C,T,T,T,T,T,C,GCCTTTTTC
234,C049,Jinyou1hao,Indica Intermediate,103.13,G,C,T,G,T,A,T,T,T,GCTGTATTT
235,C132,Jinzhinuo,Indica Intermediate,169.67,G,C,C,T,T,A,T,T,T,GCCTTATTT
236,W107,JP_5,Indica Intermediate,163.2,G,C,T,G,T,T,T,T,C,GCTGTTTTC
237,W047,Jumli_dhan,Japonica Intermediate,203.2,G,C,C,T,T,A,C,C,T,GCCTTACCT
238,C174,JWR221,Indica II,111.43,G,C,T,G,T,A,T,T,T,GCTGTATTT
239,W143,Jyanak,Japonica Intermediate,196.8,G,C,T,T,A,A,C,C,C,GCTTAACCC
240,W035,K8C-263-3,Indica Intermediate,196.2,G,C,C,T,T,A,C,T,C,GCCTTACTC
241,W058,Kao_Chio_Lin_Chou,Indica I,150.6,G,C,T,T,T,A,T,T,T,GCTTTATTT
242,W092,Karayal,Aus,144.8,G,C,C,G,T,T,C,T,C,GCCGTTCTC
243,W215,Karnal_Local,Aus,154.4,G,C,C,T,T,T,C,T,C,GCCTTTCTC
244,W085,KECHENGNUO_NO._4,Indica Intermediate,118.6,G,C,T,G,T,A,T,T,C,GCTGTATTC
245,W210,Khao_Daeng,Indica I,166.4,G,C,C,T,T,A,T,C,T,GCCTTATCT
246,W021,Khao_Luang,Japonica Intermediate,142.4,A,C,T,G,T,A,C,T,C,ACTGTACTC
247,W173,Khazar,Tropical Japonica,121.6,G,C,T,G,T,A,C,T,T,GCTGTACTT
248,W292,Khoia_boro,Aus,164.2,G,C,C,G,T,T,C,T,C,GCCGTTCTC
249,W124,Kin_Shan_Zim,Indica I,134.0,G,C,C,G,T,T,T,T,C,GCCGTTTTC
250,W117,KRASNODARSKIJ_3352,Temperate Japonica,98.6,A,C,T,G,T,A,C,T,T,ACTGTACTT
251,W012,KRASNODARSKIJ_424,Temperate Japonica,100.8,A,C,T,G,T,A,C,T,T,ACTGTACTT
252,W045,KUBANETS_508,Temperate Japonica,98.0,G,C,T,G,T,A,C,T,T,GCTGTACTT
253,W302,KUNTLAN,Tropical Japonica,166.8,G,C,T,G,T,A,C,T,T,GCTGTACTT
254,C157,L301B,Indica I,75.1,G,C,T,G,T,A,T,C,T,GCTGTATCT
255,W265,La110,Indica Intermediate,120.4,G,C,T,T,T,A,T,T,T,GCTTTATTT
256,W136,LA_PLATA_GENA_F.A.,VI/Aromatic,188.6,G,C,C,T,T,T,C,C,C,GCCTTTCCC
257,W294,LABELLE,Intermediate,118.8,G,C,T,T,T,A,T,T,T,GCTTTATTT
258,W277,Lakkhi_kajal,Aus,142.0,G,C,C,T,T,T,C,C,C,GCCTTTCCC
259,C016,Laoguangtou83,Temperate Japonica,77.73,G,C,T,G,T,A,C,C,T,GCTGTACCT
260,W202,Laohudao,Indica Intermediate,112.0,G,C,T,G,T,A,T,T,T,GCTGTATTT
261,C071,Laohuzhong,Temperate Japonica,128.2,G,C,T,G,T,A,C,T,C,GCTGTACTC
262,W321,Laozaogu,Indica III,160.6,G,C,T,G,T,T,T,T,T,GCTGTTTTT
263,W257,Latisai1,Tropical Japonica,171.6,G,C,T,G,A,A,T,T,T,GCTGAATTT
264,W295,LEBONNET,Indica II,99.6,G,C,T,T,T,A,T,T,T,GCTTTATTT
265,C183,Leihuozhan,Indica I,160.57,G,C,T,T,T,T,T,C,C,GCTTTTTCC
266,W225,Lemont,Tropical Japonica,90.2,G,C,T,G,T,A,T,T,T,GCTGTATTT
267,C138,Lengshuigu,Temperate Japonica,190.9,G,C,T,G,T,A,C,T,C,GCTGTACTC
268,W322,Lengshuinuo,Indica Intermediate,109.0,G,C,T,G,T,A,T,T,T,GCTGTATTT
269,C004,Li-Jiang-Xin-Tuan-Hei-Gu_,Temperate Japonica,140.4,G,C,T,G,A,A,C,T,C,GCTGAACTC
270,C028,Liaogeng287,Temperate Japonica,86.97,A,C,T,G,T,A,C,T,T,ACTGTACTT
271,C116,LimingB,Temperate Japonica,87.03,A,C,T,G,T,A,C,T,T,ACTGTACTT
272,W203,Linjintangdao,Indica Intermediate,185.6,G,C,C,T,T,T,T,T,T,GCCTTTTTT
273,C058,Liusha1hao,Indica I,103.7,G,C,T,T,T,A,T,C,T,GCTTTATCT
274,C066,Liushizao,Indica I,120.27,G,C,T,G,T,T,T,T,C,GCTGTTTTC
275,C128,Liuyezhan,Indica I,158.23,G,C,T,T,T,T,T,C,C,GCTTTTTCC
276,C087,Lixingeng,Temperate Japonica,141.27,G,C,T,T,A,A,C,T,T,GCTTAACTT
277,C032,Longhuamaohu,Temperate Japonica,107.8,A,C,T,G,T,A,C,T,T,ACTGTACTT
278,W110,Lua_Chua_Chan,Tropical Japonica,154.4,G,C,T,T,A,A,T,T,C,GCTTAATTC
279,C033,Lucaihao,Indica I,132.04,G,C,T,T,T,A,T,C,T,GCTTTATCT
280,W130,LUSITANO,Temperate Japonica,92.6,A,C,T,G,T,A,C,T,T,ACTGTACTT
281,C014,M202,Japonica Intermediate,82.43,A,C,T,G,T,A,T,T,T,ACTGTATTT
282,W158,M3122,Intermediate,107.2,A,C,T,G,T,A,C,T,T,ACTGTACTT
283,W226,M401,Temperate Japonica,93.2,A,C,T,G,T,A,T,T,T,ACTGTATTT
284,W282,Ma_ba_you_zhan,Indica Intermediate,134.8,G,C,C,G,T,A,T,T,C,GCCGTATTC
285,C177,Maguzi,Temperate Japonica,112.87,A,C,T,G,T,A,C,T,T,ACTGTACTT
286,C104,Mamagu-1,Indica I,179.14,G,C,C,T,T,T,T,T,T,GCCTTTTTT
287,C108,Mamagu-2,Indica I,156.8,G,C,C,T,T,T,T,T,T,GCCTTTTTT
288,W178,Manawthukha,Indica III,97.8,G,C,C,G,T,A,T,T,T,GCCGTATTT
289,W037,Manga_Kely_694,Indica Intermediate,173.8,G,C,C,G,T,T,C,T,C,GCCGTTCTC
290,C197,Maweinian,Indica I,175.77,G,C,C,T,T,A,T,T,T,GCCTTATTT
291,W001,Mayang_Khang,Indica I,146.4,G,C,C,T,T,A,T,C,C,GCCTTATCC
292,C091,Meihuanuo-1,Indica I,170.07,G,C,T,T,T,A,T,T,C,GCTTTATTC
293,C092,Meihuanuo-2,Indica I,168.47,G,C,T,T,T,A,T,T,C,GCTTTATTC
294,W204,Mengguandamagu,Indica I,154.2,G,C,C,T,T,A,T,T,T,GCCTTATTT
295,C124,menjiading2,Indica Intermediate,110.27,G,C,T,T,T,A,C,T,T,GCTTTACTT
296,C094,Menjiagao1,Indica Intermediate,154.87,G,T,T,G,T,A,T,T,C,GTTGTATTC
297,W176,Milyang23,Indica II,101.4,G,C,T,G,T,A,T,T,T,GCTGTATTT
298,C011,MILYANG_23,Indica II,100.43,G,C,T,G,T,A,T,T,T,GCTGTATTT
299,C194,Minbeiwanxian,Indica Intermediate,173.4,G,C,C,T,T,T,T,T,T,GCCTTTTTT
300,C147,Minghui63,Indica II,108.1,G,C,T,G,T,A,T,T,T,GCTGTATTT
301,W067,Mitak,Tropical Japonica,152.6,G,C,T,G,A,A,T,T,T,GCTGAATTT
302,W278,Moisdol,Aus,146.6,G,C,C,G,T,T,C,C,C,GCCGTTCCC
303,C053,Momi,Indica Intermediate,116.63,G,C,T,G,T,A,T,T,T,GCTGTATTT
304,C009,MOROBEREKAN,Indica Intermediate,106.8,G,C,T,G,T,A,T,T,T,GCTGTATTT
305,C142,Mowanggunei-1,Indica III,198.57,G,C,T,T,T,T,T,T,T,GCTTTTTTT
306,C107,Mowanggunei-2,Indica III,193.67,G,C,T,T,T,T,T,T,T,GCTTTTTTT
307,W177,MR185,Indica II,100.0,G,C,T,G,T,A,T,T,T,GCTGTATTT
308,W221,MR77_(seberang),Indica Intermediate,112.4,G,C,C,G,T,A,T,T,T,GCCGTATTT
309,C079,Muguanuo-1,Temperate Japonica,143.32,G,C,T,G,A,A,C,T,C,GCTGAACTC
310,C133,Muguanuo-2,Temperate Japonica,170.8,G,C,T,G,A,A,C,T,C,GCTGAACTC
311,C067,Muxiqiu,Temperate Japonica,117.93,G,C,T,G,T,A,C,T,C,GCTGTACTC
312,W048,N-2703,Aus,190.2,G,C,C,G,T,T,C,C,C,GCCGTTCCC
313,C013,N_22,Aus,150.43,G,C,C,T,T,T,C,T,C,GCCTTTCTC
314,W039,Nam_Dawk_Mai,Indica I,152.0,G,C,C,T,T,T,T,T,C,GCCTTTTTC
315,W094,Nang_Bang_Bentre,Aus,141.8,G,C,C,G,T,T,C,T,C,GCCGTTCTC
316,C141,Nangaogu-1,Indica I,190.93,G,C,C,T,T,T,T,T,C,GCCTTTTTC
317,C088,Nangaogu-2,Indica I,135.4,G,C,C,T,T,T,T,T,C,GCCTTTTTC
318,C151,Nanjing11,Indica I,107.73,G,C,T,T,T,A,T,T,T,GCTTTATTT
319,C165,Nanjing11-2,Indica I,96.03,G,C,T,T,T,A,T,T,T,GCTTTATTT
320,C072,Nantehao,Indica I,158.07,G,C,T,T,T,T,T,T,T,GCTTTTTTT
321,W062,NANTON_NO._131,Tropical Japonica,153.4,G,C,T,G,T,A,C,T,T,GCTGTACTT
322,C162,Nanxiongzaoyou,Indica Intermediate,97.77,G,C,T,T,T,T,T,T,T,GCTTTTTTT
323,W025,NC_1/536,Aus,154.2,G,C,C,T,T,T,C,T,C,GCCTTTCTC
324,W316,NEDA,Indica II,99.0,G,C,T,G,T,A,T,T,T,GCTGTATTT
325,W300,NEW_BONNET,Tropical Japonica,107.2,G,C,T,T,T,A,T,T,T,GCTTTATTT
326,C187,Niankenuo,Temperate Japonica,144.47,G,C,T,G,T,A,C,T,T,GCTGTACTT
327,C119,Ninghui21,Temperate Japonica,86.17,A,C,T,G,T,A,T,T,T,ACTGTATTT
328,C146,Nipponbare,Temperate Japonica,74.7,A,C,T,G,T,A,C,T,T,ACTGTACTT
329,W059,Niwahutaw_Mochi,Temperate Japonica,115.8,G,C,T,G,T,A,C,T,T,GCTGTACTT
330,W016,NORIN_11,Temperate Japonica,78.8,A,C,T,G,T,A,C,T,T,ACTGTACTT
331,W309,NSICRC122,Indica II,112.2,G,C,T,T,T,A,T,T,T,GCTTTATTT
332,W227,OM1706,Indica Intermediate,106.6,G,C,T,G,T,A,T,T,T,GCTGTATTT
333,W228,OM1723,Indica II,115.0,G,C,T,T,T,A,T,T,T,GCTTTATTT
334,W183,OM997,Indica II,96.6,G,C,T,T,T,A,T,T,T,GCTTTATTT
335,W313,OM_2517,Indica II,110.4,G,C,T,T,T,A,C,T,T,GCTTTACTT
336,W041,Onu_B,Tropical Japonica,169.4,G,C,T,G,A,A,C,T,T,GCTGAACTT
337,W271,P59279,Indica Intermediate,95.8,G,C,T,T,T,A,T,T,T,GCTTTATTT
338,W103,P_35,Aus,111.4,G,C,C,T,T,T,C,T,C,GCCTTTCTC
339,W024,Padi_Pohon_Batu,Tropical Japonica,139.8,G,C,T,G,A,A,T,T,T,GCTGAATTT
340,W102,Padi_Tarab_Arab,Tropical Japonica,182.6,G,C,T,G,A,A,C,T,C,GCTGAACTC
341,W284,Paikasa,Tropical Japonica,135.4,G,C,T,T,A,A,T,T,C,GCTTAATTC
342,W244,Palung_2,Indica II,102.4,G,C,T,T,T,A,T,T,T,GCTTTATTT
343,W126,Pan_Ju,Indica I,157.6,G,C,C,T,T,T,T,T,C,GCCTTTTTC
344,W276,Pathma_wee,Indica III,160.2,G,C,T,T,T,A,T,T,T,GCTTTATTT
345,W034,PATNAI_6,Aus,165.8,G,C,C,T,T,T,C,T,C,GCCTTTCTC
346,W033,PD_46,Indica I,155.0,G,C,T,G,T,T,T,T,C,GCTGTTTTC
347,C051,PeiC122,Intermediate,99.9,A,C,T,G,T,A,T,T,T,ACTGTATTT
348,W205,Pengshantieganzhan,Indica I,161.8,G,C,C,T,T,A,T,T,T,GCCTTATTT
349,W013,Pergonil_15,Temperate Japonica,98.6,A,C,T,G,T,A,C,T,T,ACTGTACTT
350,W241,Phalguna,Indica II,119.2,G,C,C,G,T,T,T,T,T,GCCGTTTTT
351,W049,PHUDUGEY,Aus,163.8,G,C,C,G,T,A,C,T,C,GCCGTACTC
352,W236,Pokhreli,Indica II,101.8,G,C,T,T,T,A,T,T,T,GCTTTATTT
353,W170,PR106,Indica II,90.6,G,C,T,T,T,A,T,T,T,GCTTTATTT
354,W311,PR_116,Indica II,100.6,G,C,T,G,T,A,T,T,T,GCTGTATTT
355,W184,PSB_RC_28,Indica II,98.0,G,C,T,G,T,A,T,T,T,GCTGTATTT
356,W185,PSB_RC_66,Indica II,95.6,G,C,T,T,T,A,T,T,T,GCTTTATTT
357,W308,PSBRC82,Indica II,109.4,G,C,T,T,T,A,T,T,T,GCTTTATTT
358,W191,Pusa_(Basmatil),Intermediate,121.0,G,C,T,G,T,T,T,T,C,GCTGTTTTC
359,C189,Putaohuang,Temperate Japonica,162.36,G,C,T,G,A,A,C,T,T,GCTGAACTT
360,W234,Q5,Indica Intermediate,112.8,G,C,T,G,T,A,T,T,T,GCTGTATTT
361,C025,Qingsiai16B,Indica Intermediate,82.83,G,C,T,G,T,A,T,T,T,GCTGTATTT
362,C078,Qitoubaigu,Indica Intermediate,172.4,G,C,T,T,T,T,T,T,C,GCTTTTTTC
363,C143,Qitougu,Indica I,170.36,G,C,C,G,T,A,T,T,C,GCCGTATTC
364,W318,Qiuqianbai,Indica I,139.3,G,C,T,G,T,A,T,T,T,GCTGTATTT
365,C102,Qiyuexian,Indica Intermediate,150.67,G,C,C,G,T,A,T,T,T,GCCGTATTT
366,W004,Quinimpol,Tropical Japonica,158.2,G,C,T,T,A,A,T,T,C,GCTTAATTC
367,W159,R644,Indica II,95.2,G,C,T,G,T,A,T,T,T,GCTGTATTT
368,W065,R_67,Tropical Japonica,149.4,G,C,T,G,A,A,T,T,T,GCTGAATTT
369,W017,R_75,Tropical Japonica,126.2,G,C,T,G,A,A,T,T,T,GCTGAATTT
370,W055,Ragasu,Intermediate,171.4,G,C,T,G,A,A,C,T,T,GCTGAACTT
371,W042,Red,Indica Intermediate,185.4,G,C,C,T,T,T,C,T,C,GCCTTTCTC
372,W014,Red_Khosha_Cerma,VI/Aromatic,158.0,G,C,C,G,T,T,C,C,T,GCCGTTCCT
373,W051,RP2151-173-1-8,Indica II,107.4,G,C,T,G,T,A,T,T,T,GCTGTATTT
374,W251,RUBIO,Tropical Japonica,129.8,G,C,T,G,A,A,T,T,T,GCTGAATTT
375,W246,RUSTYLATE/Zhong_413,Indica Intermediate,151.0,G,C,T,T,T,A,T,T,C,GCTTTATTC
376,W280,Sada_solay,Aus,145.8,G,C,C,T,T,T,C,T,C,GCCTTTCTC
377,W263,SADAJIRA-19-303,Indica Intermediate,114.8,G,C,T,T,T,A,T,T,T,GCTTTATTT
378,W252,SADRI_RICE_1,VI/Aromatic,178.0,G,C,C,G,T,T,C,C,C,GCCGTTCCC
379,C001,Sadu-cho,Indica I,144.13,G,C,T,T,T,T,C,C,C,GCTTTTCCC
380,W015,Safut_Khosha,Aus,157.8,G,C,C,T,T,T,C,T,C,GCCTTTCTC
381,W254,SAI-BUI-BAO,Tropical Japonica,143.4,G,C,T,G,A,A,T,T,T,GCTGAATTT
382,C055,Sanbaili,Indica I,119.03,G,C,C,T,T,A,T,T,T,GCCTTATTT
383,C186,Sanbangqishiluo,Japonica Intermediate,180.0,G,C,T,G,T,A,C,T,C,GCTGTACTC
384,C038,Sankecui,Indica Intermediate,101.33,G,C,T,T,T,A,T,T,T,GCTTTATTT
385,C090,Sanlicun,Indica Intermediate,177.29,G,C,C,T,T,A,T,T,T,GCCTTATTT
386,W097,Santhi_990,Intermediate,137.0,G,C,T,G,T,A,C,T,C,GCTGTACTC
387,W075,Sapundali_Local,Indica Intermediate,186.2,G,C,C,T,T,A,C,T,C,GCCTTACTC
388,W008,Secano_do_Brazil,Tropical Japonica,147.0,G,C,T,G,A,A,T,T,T,GCTGAATTT
389,W010,Sel._No._388,Japonica Intermediate,135.0,A,C,T,G,T,A,C,T,T,ACTGTACTT
390,W253,Sereendan_Kuning,Tropical Japonica,146.2,G,C,T,G,A,A,T,T,T,GCTGAATTT
391,W111,Sereno,Indica III,203.6,G,C,C,T,T,T,T,T,T,GCCTTTTTT
392,C006,Shan-Huang_Zhan-2-1_,Indica Intermediate,108.23,G,C,T,T,T,A,T,T,T,GCTTTATTT
393,C007,Shan-Huang_Zhan-2-2_,Indica Intermediate,107.97,G,C,T,T,T,A,T,T,T,GCTTTATTT
394,C085,Shanjiugu,Japonica Intermediate,147.1,G,C,T,G,T,A,C,C,C,GCTGTACCC
395,W160,Shennong265,Temperate Japonica,96.0,A,C,T,G,T,A,C,T,T,ACTGTACTT
396,W011,SHIMIZU_MOCHI,Temperate Japonica,116.8,G,C,T,G,A,A,C,T,T,GCTGAACTT
397,W135,Shimla_Early,Indica Intermediate,172.8,G,C,T,T,T,A,C,T,C,GCTTTACTC
398,W281,Sholay,Temperate Japonica,150.0,G,C,T,G,T,A,C,T,T,GCTGTACTT
399,C036,Shufeng101,Indica Intermediate,95.07,G,C,T,T,T,T,T,C,T,GCTTTTTCT
400,W070,Shui_Ya_Jien,Indica Intermediate,160.4,G,C,T,G,T,A,C,T,T,GCTGTACTT
401,C120,Shuiyuan300li,Temperate Japonica,97.63,A,C,T,G,A,A,C,C,T,ACTGAACCT
402,W179,Shwe_Thwe_Yin_Hyv,Indica II,93.8,G,C,T,T,T,A,T,T,T,GCTTTATTT
403,W328,Sibeitichao6,Intermediate,117.4,A,C,T,G,T,A,C,T,T,ACTGTACTT
404,W113,Simpor,Tropical Japonica,141.0,G,C,T,G,A,A,T,T,T,GCTGAATTT
405,W031,Sipirasikkam,Indica I,159.6,G,C,C,T,T,T,T,T,C,GCCTTTTTC
406,W099,SL_22-620,Aus,149.0,G,C,C,G,T,T,C,T,C,GCCGTTCTC
407,W060,Somewake,Temperate Japonica,119.4,A,C,T,G,A,A,C,T,T,ACTGAACTT
408,W072,SORNAVARI,Aus,154.0,G,C,C,T,T,T,C,T,C,GCCTTTCTC
409,W100,Spin_Mere,Aus,177.2,G,C,C,G,T,T,C,T,C,GCCGTTCTC
410,W093,Srav_Prapay,Indica III,133.0,G,C,C,G,T,T,T,T,T,GCCGTTTTT
411,C064,Sugeng2hao,Temperate Japonica,103.3,A,C,T,G,T,A,C,T,T,ACTGTACTT
412,W235,Suiyangnian,Indica I,148.4,G,T,C,T,T,T,T,T,C,GTCTTTTTC
413,C008,Swarna,Indica Intermediate,87.47,G,C,T,G,T,A,T,T,C,GCTGTATTC
414,W005,TAICHU_MOCHI_59,Tropical Japonica,133.8,G,C,T,G,A,A,T,T,T,GCTGAATTT
415,C123,Taidongludao,Tropical Japonica,118.83,G,C,T,G,A,A,C,T,T,GCTGAACTT
416,W128,TAINO_38,Intermediate,149.8,A,C,C,G,A,T,C,T,T,ACCGATCTT
417,C012,Tainong67,Temperate Japonica,114.1,A,C,T,G,A,A,C,T,T,ACTGAACTT
418,W074,TAINUNG_45,Indica Intermediate,162.2,G,C,C,T,T,A,T,T,C,GCCTTATTC
419,C041,Taishannuo,Indica I,113.1,G,C,T,T,T,A,T,T,C,GCTTTATTC
420,C068,Taizhongxianxuan2,Indica II,109.6,G,C,T,G,T,A,T,T,T,GCTGTATTT
421,C169,Taizhongzailai1,Indica Intermediate,118.07,G,C,T,T,T,A,T,T,T,GCTTTATTT
422,W056,Tamanishiki,Temperate Japonica,129.0,G,C,T,G,A,A,C,T,T,GCTGAACTT
423,W220,Tarommolai1,VI/Aromatic,172.0,G,C,C,T,T,T,C,C,C,GCCTTTCCC
424,W076,Tauli,Aus,155.0,G,C,C,G,T,T,C,T,C,GCCGTTCTC
425,W218,TB154E-TB-2,Indica Intermediate,133.6,G,C,T,G,T,A,T,T,T,GCTGTATTT
426,W121,TCHAMPA,Aus,177.6,G,C,C,T,T,T,C,T,C,GCCTTTCTC
427,W133,TD_70,Indica Intermediate,157.8,G,C,T,T,T,A,T,T,C,GCTTTATTC
428,W249,Teksichut,Temperate Japonica,125.8,A,C,T,G,A,A,C,T,T,ACTGAACTT
429,W186,TEQING,Indica Intermediate,98.2,G,C,T,G,T,A,T,T,T,GCTGTATTT
430,C044,Teqingxuanhui,Indica Intermediate,104.33,G,C,T,T,T,A,T,T,T,GCTTTATTT
431,W240,TGMS29,Indica Intermediate,111.6,G,C,T,T,T,A,C,T,T,GCTTTACTT
432,W030,Thang_10,Indica Intermediate,172.6,G,C,C,G,T,A,C,T,T,GCCGTACTT
433,W115,THAVALU,Aus,153.4,G,C,C,G,T,T,C,T,C,GCCGTTCTC
434,C089,Tieganwu,Temperate Japonica,142.43,G,C,T,G,T,A,C,T,T,GCTGTACTT
435,W032,TJ,Indica I,159.6,G,C,C,T,T,T,T,T,C,GCCTTTTTC
436,W245,TKM6,Indica Intermediate,121.6,G,C,T,T,T,A,T,T,T,GCTTTATTT
437,W171,TKM9,Indica Intermediate,96.8,G,C,T,G,T,A,C,T,T,GCTGTACTT
438,W054,Toga,Indica Intermediate,190.2,G,C,C,T,T,T,T,T,T,GCCTTTTTT
439,W272,Tsao_wan_ching,Indica Intermediate,155.6,G,C,C,T,T,T,T,T,C,GCCTTTTTC
440,W216,Type3,Indica II,113.8,G,C,T,G,T,A,T,T,T,GCTGTATTT
441,W259,Up15,Indica II,106.0,G,C,T,T,T,A,T,T,T,GCTTTATTT
442,W238,UPR191-66,Indica II,95.4,G,C,T,G,T,A,T,T,T,GCTGTATTT
443,W285,Uwi,Tropical Japonica,134.6,G,C,T,T,A,A,T,T,T,GCTTAATTT
444,W260,Uz-Rosz_275,Tropical Japonica,134.0,G,C,T,G,T,A,T,T,C,GCTGTATTC
445,W080,UZ_ROS_59,Indica I,141.4,G,C,C,T,T,A,T,T,T,GCCTTATTT
446,W098,UZ_ROS_7-13,Aus,158.8,G,C,C,G,T,T,C,T,C,GCCGTTCTC
447,W018,UZ_ROSZ_M38,Temperate Japonica,93.4,G,C,T,G,T,A,C,T,T,GCTGTACTT
448,W063,Vary_Tarva_Osla,Japonica Intermediate,114.2,A,C,T,G,T,A,C,T,T,ACTGTACTT
449,W119,WAB462-10-3-1,Tropical Japonica,95.4,A,C,T,G,A,A,T,T,T,ACTGAATTT
450,C180,Wanlixian,Indica I,147.15,G,C,T,T,T,T,T,C,C,GCTTTTTCC
451,W023,Warrangal_Culture_1252,Indica III,165.8,G,C,C,G,T,T,T,T,T,GCCGTTTTT
452,W116,WC_10253,Tropical Japonica,175.4,G,C,T,T,A,A,C,T,T,GCTTAACTT
453,W006,WC_2811,Tropical Japonica,149.8,G,C,T,G,A,A,T,T,T,GCTGAATTT
454,W123,WC_3532,Tropical Japonica,140.8,G,C,T,G,A,A,T,T,T,GCTGAATTT
455,C026,Weiguo,Temperate Japonica,104.7,A,C,T,G,T,A,C,T,T,ACTGTACTT
456,W320,Wenxiangnuo,Indica Intermediate,177.2,G,C,C,T,T,T,T,T,C,GCCTTTTTC
457,C099,WH099,Indica Intermediate,176.8,G,C,T,G,T,T,T,T,C,GCTGTTTTC
458,C100,WH100,Indica Intermediate,166.45,G,C,C,T,T,T,T,T,C,GCCTTTTTC
459,C105,WH105,Indica Intermediate,170.17,G,C,T,T,T,A,T,T,T,GCTTTATTT
460,C109,WH109,Indica I,162.1,G,C,C,T,T,T,T,T,T,GCCTTTTTT
461,C115,WH115,Indica II,80.4,G,C,T,G,T,A,T,T,T,GCTGTATTT
462,C139,WH139,Indica I,185.33,G,C,T,T,T,T,C,T,C,GCTTTTCTC
463,C062,WH62,Indica I,105.5,G,C,T,G,T,A,T,T,T,GCTGTATTT
464,W109,WIR_911,Temperate Japonica,99.4,A,C,T,G,T,A,C,T,T,ACTGTACTT
465,W026,Won_Son_Zo_No._11,Indica I,160.6,G,C,C,G,T,T,T,T,C,GCCGTTTTC
466,W268,Wudadaozhong,Indica Intermediate,91.4,G,C,T,T,T,A,T,T,T,GCTTTATTT
467,C192,Wukezhan,Indica Intermediate,185.07,G,C,T,T,T,T,T,T,T,GCTTTTTTT
468,W206,Wumanggaonuo,Indica Intermediate,112.0,G,C,T,T,T,A,T,T,C,GCTTTATTC
469,C134,Wuzidui,Temperate Japonica,172.46,G,C,T,T,A,A,C,C,C,GCTTAACCC
470,C140,Wuzuhonggu,Indica I,164.4,G,C,C,T,T,A,T,T,C,GCCTTATTC
471,W229,X21,Indica II,119.4,G,C,T,T,T,A,T,T,T,GCTTTATTT
472,W230,X22,Indica II,-9.0,G,C,T,T,T,A,T,T,T,GCTTTATTT
473,W231,X23,Indica II,117.0,G,C,T,G,T,A,T,T,T,GCTGTATTT
474,C121,XiangaiB,Indica Intermediate,150.67,G,C,T,T,T,T,T,C,T,GCTTTTTCT
475,C021,xiangaizao10,Indica I,80.83,G,C,T,T,T,A,T,C,T,GCTTTATCT
476,C190,Xiangdao,Indica I,160.9,G,C,C,T,T,T,T,T,C,GCCTTTTTC
477,C110,Xianggu,Indica I,159.33,G,C,C,T,T,A,T,T,C,GCCTTATTC
478,C130,Xiangnuo-1,Temperate Japonica,155.4,G,C,T,G,A,A,C,T,C,GCTGAACTC
479,C093,Xiangnuo-2,Temperate Japonica,164.73,G,C,T,G,A,A,C,T,C,GCTGAACTC
480,C170,Xiangwanxian1hao,Indica I,94.87,G,C,T,T,T,A,T,T,T,GCTTTATTT
481,C046,Xiangwanxian3hao,Indica Intermediate,172.37,G,C,T,T,T,A,T,T,T,GCTTTATTT
482,C113,Xiangzaoxian7hao,Indica Intermediate,73.77,G,C,T,T,T,A,T,T,T,GCTTTATTT
483,C202,Xiaobaimi,Indica I,176.33,G,C,C,T,T,T,T,C,C,GCCTTTTCC
484,C095,Xiaohonggu,Indica I,163.37,G,C,C,G,T,T,T,T,C,GCCGTTTTC
485,C135,Xibaizhan,Indica I,136.39,G,C,C,T,T,T,T,T,C,GCCTTTTTC
486,C111,Ximaxian,Temperate Japonica,206.13,G,C,T,G,A,A,C,C,C,GCTGAACCC
487,C171,Xingguo,Temperate Japonica,140.61,G,C,T,G,T,A,C,T,C,GCTGTACTC
488,C054,Xiushui115,Temperate Japonica,97.9,G,C,T,G,T,A,C,T,T,GCTGTACTT
489,C131,Xuanenchangtan,Indica I,165.07,G,C,T,T,T,A,T,T,C,GCTTTATTC
490,C168,Xugunuo,Indica Intermediate,104.87,G,C,T,G,T,A,T,T,T,GCTGTATTT
491,W161,Y134,Indica II,102.0,G,C,T,G,T,A,T,T,T,GCTGTATTT
492,C061,Yangdao2hao,Indica II,109.37,G,C,T,G,T,A,T,T,T,GCTGTATTT
493,C188,Yangkenuo,Temperate Japonica,137.8,G,C,T,G,T,A,C,T,T,GCTGTACTT
494,C035,Yelicanghua,Temperate Japonica,102.58,A,C,T,G,T,A,C,T,T,ACTGTACTT
495,W247,Yenfangghu,Indica I,170.2,G,C,C,T,T,A,T,C,T,GCCTTATCT
496,W270,Yetuozai,Indica Intermediate,99.0,G,C,T,T,T,A,T,T,C,GCTTTATTC
497,C201,Yizhixiang,Indica Intermediate,194.93,G,C,C,T,T,T,T,T,C,GCCTTTTTC
498,W125,Yong_Chal_Byo,Intermediate,152.0,A,C,T,G,T,T,C,T,T,ACTGTTCTT
499,W087,YOU-I_B,Indica I,77.2,A,C,T,G,T,A,T,T,T,ACTGTATTT
500,C070,Youmangzaogeng,Temperate Japonica,97.8,G,C,T,G,A,A,C,T,T,GCTGAACTT
501,C191,Younian,Indica I,171.27,G,C,T,T,T,A,T,T,C,GCTTTATTC
502,W162,Yuanjing7,Temperate Japonica,98.4,A,C,T,G,T,A,C,T,T,ACTGTACTT
503,W163,Yuexiangzhan,Indica Intermediate,91.4,G,C,T,T,T,A,T,T,T,GCTTTATTT
504,W207,Yunguang8hao,Temperate Japonica,114.6,A,C,T,G,T,A,C,T,T,ACTGTACTT
505,W267,Yunhui72,Indica Intermediate,114.4,G,C,T,G,T,A,T,T,T,GCTGTATTT
506,W266,Yunjiang35,Indica III,132.6,G,C,T,T,T,A,T,T,C,GCTTTATTC
507,C103,Yuyannuo-1,Temperate Japonica,202.07,G,C,T,G,A,A,C,T,C,GCTGAACTC
508,C196,Yuyannuo-2,Temperate Japonica,193.0,G,C,T,G,A,A,C,T,C,GCTGAACTC
509,C048,Zaoshunonghu6,Temperate Japonica,97.33,A,C,T,G,T,A,C,T,T,ACTGTACTT
510,C163,Zaoshuxianghei,Indica II,104.17,G,C,T,G,T,A,T,T,T,GCTGTATTT
511,W164,Zaoxian14,Indica Intermediate,88.6,G,C,T,T,T,A,T,T,T,GCTTTATTT
512,C203,Zaoxian240,Indica I,77.33,G,C,T,T,T,A,C,T,T,GCTTTACTT
513,C136,Zegu,Indica I,182.14,G,C,C,T,T,T,T,T,C,GCCTTTTTC
514,C175,Zhengxian232,Indica Intermediate,111.2,G,C,T,T,T,T,T,T,T,GCTTTTTTT
515,C145,Zhenshan97B,Indica I,92.33,A,C,T,T,T,A,T,C,T,ACTTTATCT
516,C024,zhenshan97B-1,Indica I,85.33,A,C,T,T,T,A,T,C,T,ACTTTATCT
517,W165,Zhong413,Indica Intermediate,103.8,G,C,T,G,T,A,T,T,T,GCTGTATTT
518,W208,Zhongchao123,Temperate Japonica,119.6,G,C,T,G,A,A,T,T,T,GCTGAATTT
519,C149,Zhonghua11,Temperate Japonica,102.47,A,C,T,G,A,A,C,C,T,ACTGAACCT
520,C172,Zhonghua8hao,Temperate Japonica,102.37,A,C,T,G,A,A,C,C,T,ACTGAACCT
521,C034,Zhonglouyihao1,Temperate Japonica,110.5,G,C,T,G,T,A,C,T,T,GCTGTACTT
522,C193,Zhongnong4hao,Indica I,158.4,G,C,T,T,T,T,T,C,C,GCTTTTTCC
523,W166,Zhongyouzao81,Indica Intermediate,137.8,G,C,T,G,T,A,T,T,T,GCTGTATTT
524,C159,ZhuzhenB,Indica I,95.8,G,C,T,T,T,A,T,C,T,GCTTTATCT
525,W167,Zihui100,Indica Intermediate,135.2,G,C,T,G,T,A,T,T,T,GCTGTATTT
526,W324,Zimangfeie,Japonica Intermediate,156.0,G,C,T,G,T,A,C,T,C,GCTGTACTC
527,C198,Zinuo,Indica Intermediate,173.77,G,C,C,T,T,T,T,T,C,GCCTTTTTC
528,W255,ZIRI,VI/Aromatic,145.8,G,C,C,G,T,T,C,C,C,GCCGTTCCC
