Cultivar ID,vg0130976864,vg0135617816,vg0138428840,vg0713178880,vg0819793460,vg1019044175,vg1123563633,vg1207667840,Subpopulation,Plant Height (cm),sequence
C001,G,C,T,T,T,C,T,C,Indica I,144.13,GCTTTCTC
C002,G,C,C,T,T,C,C,C,VI/Aromatic,177.62,GCCTTCCC
C003,G,C,T,T,N,C,T,T,Japonica Intermediate,141.57,GCTTNCTT
C004,G,C,T,A,A,C,T,C,Temperate Japonica,140.4,GCTAACTC
C005,G,C,T,A,A,T,T,C,Tropical Japonica,163.33,GCTAATTC
C006,G,C,T,T,A,T,T,T,Indica Intermediate,108.23,GCTTATTT
C007,G,C,T,T,A,T,T,T,Indica Intermediate,107.97,GCTTATTT
C008,G,C,T,T,A,T,T,C,Indica Intermediate,87.47,GCTTATTC
C009,G,C,T,T,A,T,T,T,Indica Intermediate,106.8,GCTTATTT
C010,G,C,T,T,A,C,T,T,Tropical Japonica,106.7,GCTTACTT
C011,G,C,T,T,A,T,T,T,Indica II,100.43,GCTTATTT
C012,A,C,T,A,A,C,T,T,Temperate Japonica,114.1,ACTAACTT
C013,G,C,C,T,T,C,T,C,Aus,150.43,GCCTTCTC
C014,A,C,T,T,A,T,T,T,Japonica Intermediate,82.43,ACTTATTT
C015,G,C,C,T,T,C,T,C,Aus,152.2,GCCTTCTC
C016,G,C,T,T,A,C,T,T,Temperate Japonica,77.73,GCTTACTT
C017,A,C,T,T,A,C,T,T,Temperate Japonica,92.67,ACTTACTT
C018,A,C,T,T,A,C,T,T,Temperate Japonica,78.27,ACTTACTT
C019,G,C,T,T,A,T,T,T,Indica I,80.25,GCTTATTT
C020,G,C,T,T,A,T,T,T,Indica I,78.17,GCTTATTT
C021,G,C,T,T,A,T,T,T,Indica I,80.83,GCTTATTT
C022,G,C,T,T,A,T,T,T,Indica I,77.3,GCTTATTT
C023,G,C,T,T,A,C,T,T,Temperate Japonica,89.39,GCTTACTT
C024,A,C,T,T,A,T,T,T,Indica I,85.33,ACTTATTT
C025,G,C,T,T,A,T,T,T,Indica Intermediate,82.83,GCTTATTT
C026,A,C,T,T,A,C,T,T,Temperate Japonica,104.7,ACTTACTT
C027,G,C,T,T,A,T,T,C,Indica Intermediate,100.47,GCTTATTC
C028,A,C,T,T,A,C,T,T,Temperate Japonica,86.97,ACTTACTT
C029,A,C,T,T,A,C,T,T,Japonica Intermediate,94.0,ACTTACTT
C030,G,C,T,T,A,T,T,T,Indica Intermediate,99.57,GCTTATTT
C031,G,C,T,T,A,T,T,T,Indica Intermediate,96.27,GCTTATTT
C032,A,C,T,T,A,C,T,T,Temperate Japonica,107.8,ACTTACTT
C033,G,C,T,T,A,T,T,T,Indica I,132.04,GCTTATTT
C034,G,C,T,T,A,C,T,T,Temperate Japonica,110.5,GCTTACTT
C035,A,C,T,T,A,C,T,T,Temperate Japonica,102.58,ACTTACTT
C036,G,C,T,T,T,T,T,T,Indica Intermediate,95.07,GCTTTTTT
C037,G,C,T,T,A,T,T,T,Indica I,105.33,GCTTATTT
C038,G,C,T,T,A,T,T,T,Indica Intermediate,101.33,GCTTATTT
C039,G,C,T,T,A,T,T,T,Indica I,109.43,GCTTATTT
C040,G,C,T,T,A,T,T,T,Indica I,102.46,GCTTATTT
C041,G,C,T,T,A,T,T,C,Indica I,113.1,GCTTATTC
C042,G,C,T,T,A,T,T,T,Indica Intermediate,103.67,GCTTATTT
C043,G,C,T,T,A,T,T,T,Indica I,106.33,GCTTATTT
C044,G,C,T,T,A,T,T,T,Indica Intermediate,104.33,GCTTATTT
C045,G,C,T,T,A,T,T,C,Indica Intermediate,106.23,GCTTATTC
C046,G,C,T,T,A,T,T,T,Indica Intermediate,172.37,GCTTATTT
C047,G,C,C,T,T,T,T,T,Indica I,97.53,GCCTTTTT
C048,A,C,T,T,A,C,T,T,Temperate Japonica,97.33,ACTTACTT
C049,G,C,T,T,A,T,T,T,Indica Intermediate,103.13,GCTTATTT
C050,G,C,T,T,A,T,T,T,Indica II,108.81,GCTTATTT
C051,A,C,T,T,A,T,T,T,Intermediate,99.9,ACTTATTT
C052,A,C,T,T,A,C,T,C,Temperate Japonica,107.0,ACTTACTC
C053,G,C,T,T,A,T,T,T,Indica Intermediate,116.63,GCTTATTT
C054,G,C,T,T,A,C,T,T,Temperate Japonica,97.9,GCTTACTT
C055,G,C,C,T,A,T,T,T,Indica I,119.03,GCCTATTT
C056,G,C,T,T,A,C,T,T,Temperate Japonica,99.03,GCTTACTT
C057,A,C,T,T,A,C,T,T,Japonica Intermediate,123.63,ACTTACTT
C058,G,C,T,T,A,T,T,T,Indica I,103.7,GCTTATTT
C059,G,C,T,T,A,T,T,T,Indica I,113.43,GCTTATTT
C060,G,C,T,T,A,T,T,C,Indica I,114.73,GCTTATTC
C061,G,C,T,T,A,T,T,T,Indica II,109.37,GCTTATTT
C062,G,C,T,T,A,T,T,T,Indica I,105.5,GCTTATTT
C063,A,C,T,A,A,C,T,C,Temperate Japonica,115.54,ACTAACTC
C064,A,C,T,T,A,C,T,T,Temperate Japonica,103.3,ACTTACTT
C065,G,C,T,T,A,T,T,T,Indica Intermediate,109.07,GCTTATTT
C066,G,C,T,T,T,T,T,C,Indica I,120.27,GCTTTTTC
C067,G,C,T,T,A,C,T,C,Temperate Japonica,117.93,GCTTACTC
C068,G,C,T,T,A,T,T,T,Indica II,109.6,GCTTATTT
C069,G,C,T,T,A,T,T,T,Indica II,115.8,GCTTATTT
C070,G,C,T,A,A,C,T,T,Temperate Japonica,97.8,GCTAACTT
C071,G,C,T,T,A,C,T,C,Temperate Japonica,128.2,GCTTACTC
C072,G,C,T,T,T,T,T,T,Indica I,158.07,GCTTTTTT
C073,G,C,C,T,T,T,T,C,Indica I,167.83,GCCTTTTC
C074,G,C,T,T,A,C,T,C,Temperate Japonica,143.65,GCTTACTC
C075,G,C,T,T,A,C,T,C,Temperate Japonica,131.3,GCTTACTC
C076,G,C,C,T,A,T,T,C,Indica I,127.36,GCCTATTC
C077,G,C,C,T,A,T,T,C,Indica I,149.8,GCCTATTC
C078,G,C,T,T,T,T,T,C,Indica Intermediate,172.4,GCTTTTTC
C079,G,C,T,A,A,C,T,C,Temperate Japonica,143.32,GCTAACTC
C080,G,C,C,T,T,T,T,T,Indica I,170.53,GCCTTTTT
C081,G,C,C,T,A,T,T,C,Indica I,155.8,GCCTATTC
C082,G,C,T,T,A,C,T,C,Temperate Japonica,156.46,GCTTACTC
C083,G,C,T,A,A,T,T,T,Temperate Japonica,174.7,GCTAATTT
C084,G,C,T,T,A,C,C,C,Japonica Intermediate,157.62,GCTTACCC
C085,G,C,T,T,A,C,C,C,Japonica Intermediate,147.1,GCTTACCC
C086,G,C,C,T,A,C,T,C,Aus,147.17,GCCTACTC
C087,G,C,T,A,A,C,T,T,Temperate Japonica,141.27,GCTAACTT
C088,G,C,C,T,T,T,T,C,Indica I,135.4,GCCTTTTC
C089,G,C,T,T,A,C,T,T,Temperate Japonica,142.43,GCTTACTT
C090,G,C,C,T,A,T,T,T,Indica Intermediate,177.29,GCCTATTT
C091,G,C,T,T,A,T,T,C,Indica I,170.07,GCTTATTC
C092,G,C,T,T,A,T,T,C,Indica I,168.47,GCTTATTC
C093,G,C,T,A,A,C,T,C,Temperate Japonica,164.73,GCTAACTC
C094,G,C,T,T,A,T,T,C,Indica Intermediate,154.87,GCTTATTC
C095,G,C,C,T,T,T,T,C,Indica I,163.37,GCCTTTTC
C096,G,N,C,T,T,T,T,C,Indica Intermediate,166.4,GNCTTTTC
C097,G,C,C,T,T,T,T,T,Indica Intermediate,172.2,GCCTTTTT
C098,G,C,C,T,A,C,T,C,Indica Intermediate,178.27,GCCTACTC
C099,G,C,T,T,T,T,T,C,Indica Intermediate,176.8,GCTTTTTC
C100,G,C,C,T,T,T,T,C,Indica Intermediate,166.45,GCCTTTTC
C101,G,C,T,A,A,C,C,C,Temperate Japonica,192.07,GCTAACCC
C102,G,C,C,T,A,T,T,T,Indica Intermediate,150.67,GCCTATTT
C103,G,C,T,A,A,C,T,C,Temperate Japonica,202.07,GCTAACTC
C104,G,C,C,T,T,T,T,T,Indica I,179.14,GCCTTTTT
C105,G,C,T,T,A,T,T,N,Indica Intermediate,170.17,GCTTATTN
C106,G,C,T,A,A,C,C,C,Temperate Japonica,191.0,GCTAACCC
C107,G,C,T,T,T,T,T,T,Indica III,193.67,GCTTTTTT
C108,G,C,C,T,T,T,T,T,Indica I,156.8,GCCTTTTT
C109,G,C,C,T,T,T,T,T,Indica I,162.1,GCCTTTTT
C110,G,C,C,T,A,T,T,C,Indica I,159.33,GCCTATTC
C111,G,C,T,A,A,C,C,C,Temperate Japonica,206.13,GCTAACCC
C112,G,C,T,T,A,T,T,T,Indica I,77.43,GCTTATTT
C113,G,C,T,T,A,T,T,T,Indica Intermediate,73.77,GCTTATTT
C114,A,C,T,T,A,T,T,T,Indica Intermediate,86.87,ACTTATTT
C115,G,C,T,T,A,T,T,T,Indica II,80.4,GCTTATTT
C116,A,C,T,T,A,C,T,T,Temperate Japonica,87.03,ACTTACTT
C117,G,C,T,T,N,T,T,T,Indica Intermediate,110.43,GCTTNTTT
C118,G,C,T,T,A,C,T,T,Indica II,88.27,GCTTACTT
C119,A,C,T,T,A,T,T,T,Temperate Japonica,86.17,ACTTATTT
C120,A,C,T,A,A,C,T,T,Temperate Japonica,97.63,ACTAACTT
C121,G,C,T,T,T,T,C,T,Indica Intermediate,150.67,GCTTTTCT
C122,G,C,T,T,A,T,T,T,Indica I,118.1,GCTTATTT
C123,G,C,T,A,A,C,T,T,Tropical Japonica,118.83,GCTAACTT
C124,G,C,T,T,A,C,T,T,Indica Intermediate,110.27,GCTTACTT
C125,G,C,C,T,A,T,T,C,Indica I,145.65,GCCTATTC
C127,G,C,T,T,A,T,T,C,Indica I,152.54,GCTTATTC
C128,G,C,T,T,T,T,T,C,Indica I,158.23,GCTTTTTC
C129,G,C,C,T,T,T,T,C,Indica Intermediate,166.87,GCCTTTTC
C130,G,C,T,A,A,C,T,C,Temperate Japonica,155.4,GCTAACTC
C131,G,C,T,T,A,T,T,C,Indica I,165.07,GCTTATTC
C132,G,C,C,T,A,T,T,T,Indica Intermediate,169.67,GCCTATTT
C133,G,C,T,A,A,C,T,C,Temperate Japonica,170.8,GCTAACTC
C134,G,C,T,A,A,C,C,C,Temperate Japonica,172.46,GCTAACCC
C135,G,C,C,T,T,T,T,C,Indica I,136.39,GCCTTTTC
C136,G,C,C,T,T,T,T,C,Indica I,182.14,GCCTTTTC
C137,G,C,T,A,A,C,C,C,Temperate Japonica,170.0,GCTAACCC
C138,G,C,T,T,A,C,T,C,Temperate Japonica,190.9,GCTTACTC
C139,G,C,T,T,T,C,T,C,Indica I,185.33,GCTTTCTC
C140,G,C,C,T,A,T,T,C,Indica I,164.4,GCCTATTC
C141,G,C,C,T,T,T,T,C,Indica I,190.93,GCCTTTTC
C142,G,C,T,T,T,T,T,T,Indica III,198.57,GCTTTTTT
C143,G,C,C,T,A,T,T,C,Indica I,170.36,GCCTATTC
C144,G,C,T,A,A,C,C,C,Temperate Japonica,206.73,GCTAACCC
C145,A,C,T,T,A,T,T,T,Indica I,92.33,ACTTATTT
C146,A,C,T,T,A,C,T,T,Temperate Japonica,74.7,ACTTACTT
C147,G,C,T,T,A,T,T,T,Indica II,108.1,GCTTATTT
C148,G,C,T,T,A,T,T,T,Indica II,117.2,GCTTATTT
C149,A,C,T,A,A,C,T,T,Temperate Japonica,102.47,ACTAACTT
C150,A,C,T,T,A,C,T,T,Temperate Japonica,90.32,ACTTACTT
C151,G,C,T,T,A,T,T,T,Indica I,107.73,GCTTATTT
C152,A,C,T,T,A,C,T,T,Temperate Japonica,100.0,ACTTACTT
C153,G,C,T,A,A,T,T,T,Tropical Japonica,105.07,GCTAATTT
C154,A,C,T,T,A,C,T,T,Temperate Japonica,77.43,ACTTACTT
C155,G,C,T,T,A,T,T,T,Indica I,69.47,GCTTATTT
C156,G,C,T,T,A,T,T,T,Indica I,73.13,GCTTATTT
C157,G,C,T,T,A,T,T,T,Indica I,75.1,GCTTATTT
C158,G,C,T,T,A,T,T,T,Indica I,85.17,GCTTATTT
C159,G,C,T,T,A,T,T,T,Indica I,95.8,GCTTATTT
C160,G,C,T,T,A,T,T,T,Indica Intermediate,83.68,GCTTATTT
C161,G,C,T,T,A,T,T,T,Indica I,93.5,GCTTATTT
C162,G,C,T,T,T,T,T,T,Indica Intermediate,97.77,GCTTTTTT
C163,G,C,T,T,A,T,T,T,Indica II,104.17,GCTTATTT
C164,G,C,T,T,A,T,T,T,Indica II,95.53,GCTTATTT
C165,G,C,T,T,A,T,T,T,Indica I,96.03,GCTTATTT
C166,G,C,T,T,A,T,T,T,Indica Intermediate,94.73,GCTTATTT
C167,G,C,T,T,A,T,T,T,Indica Intermediate,108.23,GCTTATTT
C168,G,C,T,T,A,T,T,T,Indica Intermediate,104.87,GCTTATTT
C169,G,C,T,T,A,T,T,T,Indica Intermediate,118.07,GCTTATTT
C170,G,C,T,T,A,T,T,T,Indica I,94.87,GCTTATTT
C171,G,C,T,T,A,C,T,C,Temperate Japonica,140.61,GCTTACTC
C172,A,C,T,A,A,C,T,T,Temperate Japonica,102.37,ACTAACTT
C173,G,C,T,T,T,T,T,C,Indica I,114.4,GCTTTTTC
C174,G,C,T,T,A,T,T,T,Indica II,111.43,GCTTATTT
C175,G,C,T,T,T,T,T,T,Indica Intermediate,111.2,GCTTTTTT
C176,G,C,T,T,A,T,T,C,Indica Intermediate,97.67,GCTTATTC
C177,A,C,T,T,A,C,T,T,Temperate Japonica,112.87,ACTTACTT
C178,G,C,T,T,A,T,T,T,Indica I,107.67,GCTTATTT
C179,G,C,T,T,A,C,T,C,Temperate Japonica,133.53,GCTTACTC
C180,G,C,T,T,T,T,T,C,Indica I,147.15,GCTTTTTC
C181,G,C,T,T,A,C,T,T,Temperate Japonica,137.9,GCTTACTT
C182,G,C,C,T,A,T,T,C,Indica I,161.2,GCCTATTC
C183,G,C,T,T,T,T,T,C,Indica I,160.57,GCTTTTTC
C184,G,C,C,T,A,T,T,C,Indica I,156.17,GCCTATTC
C185,A,C,T,T,A,C,T,C,Japonica Intermediate,145.0,ACTTACTC
C186,G,C,T,T,A,C,T,C,Japonica Intermediate,180.0,GCTTACTC
C187,G,C,T,T,A,C,T,T,Temperate Japonica,144.47,GCTTACTT
C188,G,C,T,T,A,C,T,T,Temperate Japonica,137.8,GCTTACTT
C189,G,C,T,A,A,C,T,T,Temperate Japonica,162.36,GCTAACTT
C190,G,C,C,T,T,T,T,C,Indica I,160.9,GCCTTTTC
C191,G,C,T,T,A,T,T,C,Indica I,171.27,GCTTATTC
C192,G,C,T,T,T,T,T,T,Indica Intermediate,185.07,GCTTTTTT
C193,G,C,T,T,T,T,T,C,Indica I,158.4,GCTTTTTC
C194,G,C,C,T,T,T,T,T,Indica Intermediate,173.4,GCCTTTTT
C195,G,C,T,T,A,C,T,T,Temperate Japonica,171.79,GCTTACTT
C196,G,C,T,A,A,C,T,C,Temperate Japonica,193.0,GCTAACTC
C197,G,C,C,T,A,T,T,T,Indica I,175.77,GCCTATTT
C198,G,C,C,T,T,T,T,C,Indica Intermediate,173.77,GCCTTTTC
C199,G,C,C,T,T,T,T,C,Indica I,187.53,GCCTTTTC
C200,G,C,C,T,T,T,T,C,Indica I,189.1,GCCTTTTC
C201,G,C,C,T,T,T,T,C,Indica Intermediate,194.93,GCCTTTTC
C202,G,C,C,T,T,T,T,C,Indica I,176.33,GCCTTTTC
C203,G,C,T,T,A,C,T,T,Indica I,77.33,GCTTACTT
W001,G,C,C,T,A,T,T,C,Indica I,146.4,GCCTATTC
W002,G,C,T,A,A,T,T,C,Tropical Japonica,157.4,GCTAATTC
W003,A,C,T,A,A,C,T,C,Tropical Japonica,140.4,ACTAACTC
W004,G,C,T,A,A,T,T,C,Tropical Japonica,158.2,GCTAATTC
W005,G,C,T,A,A,T,T,T,Tropical Japonica,133.8,GCTAATTT
W006,G,C,T,A,A,T,T,T,Tropical Japonica,149.8,GCTAATTT
W007,G,C,T,A,A,T,T,C,Tropical Japonica,150.8,GCTAATTC
W008,G,C,T,A,A,T,T,T,Tropical Japonica,147.0,GCTAATTT
W009,G,C,C,T,T,T,T,T,Indica III,193.8,GCCTTTTT
W010,A,C,T,T,A,C,T,T,Japonica Intermediate,135.0,ACTTACTT
W011,G,C,T,A,A,C,T,T,Temperate Japonica,116.8,GCTAACTT
W012,A,C,T,T,A,C,T,T,Temperate Japonica,100.8,ACTTACTT
W013,A,C,T,T,A,C,T,T,Temperate Japonica,98.6,ACTTACTT
W014,G,C,C,T,T,C,C,T,VI/Aromatic,158.0,GCCTTCCT
W015,G,C,C,T,T,C,T,C,Aus,157.8,GCCTTCTC
W016,A,C,T,T,A,C,T,T,Temperate Japonica,78.8,ACTTACTT
W017,G,C,T,A,A,T,T,T,Tropical Japonica,126.2,GCTAATTT
W018,G,C,T,T,A,C,T,T,Temperate Japonica,93.4,GCTTACTT
W019,G,C,T,T,A,C,T,T,Japonica Intermediate,124.8,GCTTACTT
W020,G,N,C,T,T,T,T,C,Aus,136.6,GNCTTTTC
W021,A,C,T,T,A,C,T,C,Japonica Intermediate,142.4,ACTTACTC
W022,G,C,T,A,A,T,T,T,Tropical Japonica,146.0,GCTAATTT
W023,G,C,C,T,T,T,T,T,Indica III,165.8,GCCTTTTT
W024,G,C,T,A,A,T,T,T,Tropical Japonica,139.8,GCTAATTT
W025,G,C,C,T,T,C,T,C,Aus,154.2,GCCTTCTC
W026,G,C,C,T,T,T,T,C,Indica I,160.6,GCCTTTTC
W027,A,C,T,T,A,C,T,T,Temperate Japonica,116.8,ACTTACTT
W028,G,C,C,T,T,C,T,C,Aus,164.2,GCCTTCTC
W029,G,C,N,T,A,T,T,C,Indica Intermediate,147.8,GCNTATTC
W030,G,C,C,T,A,C,T,T,Indica Intermediate,172.6,GCCTACTT
W031,G,C,C,T,T,T,T,C,Indica I,159.6,GCCTTTTC
W032,G,C,C,T,T,T,T,C,Indica I,159.6,GCCTTTTC
W033,G,C,T,T,T,T,T,C,Indica I,155.0,GCTTTTTC
W034,G,C,C,T,T,C,T,C,Aus,165.8,GCCTTCTC
W035,G,C,C,T,A,C,T,C,Indica Intermediate,196.2,GCCTACTC
W036,G,C,C,T,T,T,T,C,Indica I,157.8,GCCTTTTC
W037,G,C,C,T,T,C,T,C,Indica Intermediate,173.8,GCCTTCTC
W038,G,C,T,T,A,C,T,T,Temperate Japonica,138.0,GCTTACTT
W039,G,C,C,T,T,T,T,C,Indica I,152.0,GCCTTTTC
W040,G,C,T,T,A,T,T,T,Indica II,108.4,GCTTATTT
W041,G,C,T,A,A,C,T,T,Tropical Japonica,169.4,GCTAACTT
W042,G,C,C,T,T,C,T,C,Indica Intermediate,185.4,GCCTTCTC
W043,G,C,T,T,A,T,T,T,Indica Intermediate,105.4,GCTTATTT
W044,G,C,T,T,A,T,T,T,Indica II,98.8,GCTTATTT
W045,G,C,T,T,A,C,T,T,Temperate Japonica,98.0,GCTTACTT
W046,G,C,T,T,A,T,T,T,Indica II,96.0,GCTTATTT
W047,G,C,C,T,A,C,C,T,Japonica Intermediate,203.2,GCCTACCT
W048,G,C,C,T,T,C,C,C,Aus,190.2,GCCTTCCC
W049,G,C,C,T,A,C,T,C,Aus,163.8,GCCTACTC
W050,G,C,T,T,A,C,C,C,VI/Aromatic,174.8,GCTTACCC
W051,G,C,T,T,A,T,T,T,Indica II,107.4,GCTTATTT
W052,A,C,T,T,A,C,T,T,Temperate Japonica,98.6,ACTTACTT
W053,G,C,T,A,A,T,T,T,Tropical Japonica,152.6,GCTAATTT
W054,G,C,C,T,T,T,T,T,Indica Intermediate,190.2,GCCTTTTT
W055,G,C,T,A,A,C,T,T,Intermediate,171.4,GCTAACTT
W056,G,C,T,A,A,C,T,T,Temperate Japonica,129.0,GCTAACTT
W057,G,C,T,A,A,T,T,T,Tropical Japonica,182.2,GCTAATTT
W058,G,C,T,T,A,T,T,T,Indica I,150.6,GCTTATTT
W059,G,C,T,T,A,C,T,T,Temperate Japonica,115.8,GCTTACTT
W060,A,C,T,A,A,C,T,T,Temperate Japonica,119.4,ACTAACTT
W061,A,C,T,T,A,C,T,T,Japonica Intermediate,121.8,ACTTACTT
W062,G,C,T,T,A,C,T,T,Tropical Japonica,153.4,GCTTACTT
W063,A,C,T,T,A,C,T,T,Japonica Intermediate,114.2,ACTTACTT
W064,G,C,T,T,A,C,T,T,Temperate Japonica,106.2,GCTTACTT
W065,G,C,T,A,A,T,T,T,Tropical Japonica,149.4,GCTAATTT
W066,G,C,C,T,T,T,T,T,Indica Intermediate,102.2,GCCTTTTT
W067,G,C,T,A,A,T,T,T,Tropical Japonica,152.6,GCTAATTT
W068,G,C,T,T,A,C,T,T,Temperate Japonica,139.8,GCTTACTT
W069,G,C,C,T,T,C,T,C,Aus,146.4,GCCTTCTC
W070,G,C,T,T,A,C,T,T,Indica Intermediate,160.4,GCTTACTT
W071,G,C,C,T,A,T,T,T,Indica Intermediate,104.6,GCCTATTT
W072,G,C,C,T,T,C,T,C,Aus,154.0,GCCTTCTC
W073,G,C,T,T,A,T,T,C,Indica II,98.8,GCTTATTC
W074,G,C,C,T,A,T,T,C,Indica Intermediate,162.2,GCCTATTC
W075,G,N,C,T,A,C,T,C,Indica Intermediate,186.2,GNCTACTC
W076,G,C,C,T,T,C,T,C,Aus,155.0,GCCTTCTC
W077,G,C,C,T,T,C,C,C,VI/Aromatic,182.4,GCCTTCCC
W078,G,C,T,T,A,T,C,T,Indica Intermediate,96.8,GCTTATCT
W079,G,C,C,T,T,T,C,T,Intermediate,147.6,GCCTTTCT
W080,G,C,C,T,A,T,T,T,Indica I,141.4,GCCTATTT
W081,G,C,C,T,A,C,C,C,VI/Aromatic,130.2,GCCTACCC
W082,G,C,T,T,A,C,T,C,Temperate Japonica,125.0,GCTTACTC
W083,G,C,T,T,A,T,T,T,Indica Intermediate,116.4,GCTTATTT
W084,G,C,T,T,T,T,T,C,Indica Intermediate,114.4,GCTTTTTC
W085,G,C,T,T,A,T,T,C,Indica Intermediate,118.6,GCTTATTC
W086,G,C,T,T,A,T,T,T,Indica II,103.4,GCTTATTT
W087,A,C,T,T,A,T,T,T,Indica I,77.2,ACTTATTT
W088,A,C,T,T,A,C,T,T,Temperate Japonica,70.6,ACTTACTT
W089,G,C,C,T,T,T,T,T,Indica III,136.4,GCCTTTTT
W090,G,C,C,T,T,C,T,C,Aus,137.4,GCCTTCTC
W091,G,C,C,T,T,C,T,C,Aus,148.2,GCCTTCTC
W092,G,C,C,T,T,C,T,C,Aus,144.8,GCCTTCTC
W093,G,C,C,T,T,T,T,T,Indica III,133.0,GCCTTTTT
W094,G,C,C,T,T,C,T,C,Aus,141.8,GCCTTCTC
W095,G,N,C,T,T,C,T,C,Aus,165.8,GNCTTCTC
W096,G,C,C,T,T,C,T,C,Aus,165.2,GCCTTCTC
W097,G,C,T,T,A,C,T,C,Intermediate,137.0,GCTTACTC
W098,G,C,C,T,T,C,T,C,Aus,158.8,GCCTTCTC
W099,G,C,C,T,T,C,T,C,Aus,149.0,GCCTTCTC
W100,G,C,C,T,T,C,T,C,Aus,177.2,GCCTTCTC
W101,G,C,T,T,A,T,T,C,Indica Intermediate,149.8,GCTTATTC
W102,G,C,T,A,A,C,T,C,Tropical Japonica,182.6,GCTAACTC
W103,G,C,C,T,T,C,T,C,Aus,111.4,GCCTTCTC
W104,G,C,C,T,T,C,T,C,Aus,145.4,GCCTTCTC
W105,G,C,C,T,A,C,T,C,Aus,156.6,GCCTACTC
W106,G,C,C,T,T,C,T,T,Aus,169.4,GCCTTCTT
W107,G,C,T,T,T,T,T,C,Indica Intermediate,163.2,GCTTTTTC
W108,G,C,C,T,T,C,T,C,Aus,161.2,GCCTTCTC
W109,A,C,T,T,A,C,T,T,Temperate Japonica,99.4,ACTTACTT
W110,G,C,T,A,A,T,T,C,Tropical Japonica,154.4,GCTAATTC
W111,G,C,C,T,T,T,T,T,Indica III,203.6,GCCTTTTT
W112,G,C,T,T,T,C,T,T,Indica III,167.2,GCTTTCTT
W113,G,C,T,A,A,T,T,T,Tropical Japonica,141.0,GCTAATTT
W114,G,C,C,T,A,T,T,C,Indica III,181.4,GCCTATTC
W115,G,C,C,T,T,C,T,C,Aus,153.4,GCCTTCTC
W116,G,C,T,A,A,C,T,T,Tropical Japonica,175.4,GCTAACTT
W117,A,C,T,T,A,C,T,T,Temperate Japonica,98.6,ACTTACTT
W118,G,C,T,T,A,T,T,T,Tropical Japonica,84.2,GCTTATTT
W119,A,C,T,A,A,T,T,T,Tropical Japonica,95.4,ACTAATTT
W120,A,C,T,T,A,T,T,T,Temperate Japonica,109.6,ACTTATTT
W121,G,C,C,T,T,C,T,C,Aus,177.6,GCCTTCTC
W122,G,C,T,T,A,C,T,C,Japonica Intermediate,169.8,GCTTACTC
W123,G,C,T,A,A,T,T,T,Tropical Japonica,140.8,GCTAATTT
W124,G,C,C,T,T,T,T,C,Indica I,134.0,GCCTTTTC
W125,A,C,T,T,T,C,T,T,Intermediate,152.0,ACTTTCTT
W126,G,C,C,T,T,T,T,C,Indica I,157.6,GCCTTTTC
W127,G,C,T,T,A,C,T,C,Japonica Intermediate,142.6,GCTTACTC
W128,A,C,C,A,T,C,T,T,Intermediate,149.8,ACCATCTT
W129,G,C,C,T,A,C,T,C,VI/Aromatic,151.2,GCCTACTC
W130,A,C,T,T,A,C,T,T,Temperate Japonica,92.6,ACTTACTT
W131,G,C,C,T,T,C,T,C,Aus,161.0,GCCTTCTC
W132,G,C,T,T,T,T,T,C,Indica I,156.0,GCTTTTTC
W133,G,C,T,T,A,T,T,C,Indica Intermediate,157.8,GCTTATTC
W134,G,C,C,T,A,C,T,C,Aus,150.0,GCCTACTC
W135,G,C,T,T,A,C,T,C,Indica Intermediate,172.8,GCTTACTC
W136,G,C,C,T,T,C,C,C,VI/Aromatic,188.6,GCCTTCCC
W137,G,C,C,T,A,C,T,C,Indica Intermediate,125.6,GCCTACTC
W138,G,C,T,T,A,T,T,T,Indica I,102.0,GCTTATTT
W139,G,C,T,T,A,C,T,T,Temperate Japonica,96.4,GCTTACTT
W140,G,C,C,T,T,C,T,T,Aus,145.8,GCCTTCTT
W141,G,C,C,T,T,C,T,C,Aus,151.6,GCCTTCTC
W142,G,C,C,T,T,C,T,C,Aus,149.4,GCCTTCTC
W143,G,C,T,A,A,C,C,C,Japonica Intermediate,196.8,GCTAACCC
W144,G,C,C,T,A,T,T,C,Indica I,168.4,GCCTATTC
W145,G,C,C,T,A,C,T,T,Indica Intermediate,177.4,GCCTACTT
W146,G,C,C,T,A,T,T,T,Indica I,127.4,GCCTATTT
W147,G,C,T,T,T,T,T,T,Indica Intermediate,117.6,GCTTTTTT
W148,G,C,T,T,T,T,T,T,Indica Intermediate,168.4,GCTTTTTT
W149,G,C,T,T,A,T,T,T,Indica Intermediate,112.6,GCTTATTT
W150,G,C,T,T,A,T,T,T,Indica II,104.6,GCTTATTT
W151,G,C,T,T,A,T,T,T,Indica II,98.0,GCTTATTT
W152,G,C,T,T,A,T,T,T,Indica II,110.0,GCTTATTT
W153,G,C,T,T,A,T,T,T,Indica II,103.8,GCTTATTT
W154,G,C,T,T,T,T,T,T,Indica II,102.4,GCTTTTTT
W155,A,C,T,T,T,T,T,T,Indica Intermediate,98.4,ACTTTTTT
W156,G,C,T,T,A,T,T,T,Indica I,99.2,GCTTATTT
W157,G,C,T,T,A,T,T,T,Indica Intermediate,95.2,GCTTATTT
W158,A,C,T,T,A,C,T,T,Intermediate,107.2,ACTTACTT
W159,G,C,T,T,A,T,T,T,Indica II,95.2,GCTTATTT
W160,A,C,T,T,A,C,T,T,Temperate Japonica,96.0,ACTTACTT
W161,G,C,T,T,A,T,T,T,Indica II,102.0,GCTTATTT
W162,A,C,T,T,A,C,T,T,Temperate Japonica,98.4,ACTTACTT
W163,G,C,T,T,A,T,T,T,Indica Intermediate,91.4,GCTTATTT
W164,G,C,T,T,A,T,T,T,Indica Intermediate,88.6,GCTTATTT
W165,G,C,T,T,A,T,T,T,Indica Intermediate,103.8,GCTTATTT
W166,G,C,T,T,A,T,T,T,Indica Intermediate,137.8,GCTTATTT
W167,G,C,T,T,A,T,T,T,Indica Intermediate,135.2,GCTTATTT
W168,G,C,T,T,A,T,T,T,Indica II,101.4,GCTTATTT
W169,G,C,T,T,A,T,T,T,Indica II,93.6,GCTTATTT
W170,G,C,T,T,A,T,T,T,Indica II,90.6,GCTTATTT
W171,G,C,T,T,A,C,T,T,Indica Intermediate,96.8,GCTTACTT
W172,G,C,T,T,T,T,T,T,Indica II,100.2,GCTTTTTT
W173,G,C,T,T,A,C,T,T,Tropical Japonica,121.6,GCTTACTT
W174,G,C,T,T,A,T,T,T,Indica II,84.0,GCTTATTT
W175,G,C,T,T,A,C,T,T,Intermediate,101.0,GCTTACTT
W176,G,C,T,T,A,T,T,T,Indica II,101.4,GCTTATTT
W177,G,C,T,T,A,T,T,T,Indica II,100.0,GCTTATTT
W178,G,N,C,T,A,T,T,T,Indica III,97.8,GNCTATTT
W179,G,C,T,T,A,T,T,T,Indica II,93.8,GCTTATTT
W180,G,C,T,T,A,T,T,T,Indica Intermediate,108.0,GCTTATTT
W181,G,C,T,T,T,T,T,T,Indica Intermediate,105.8,GCTTTTTT
W182,G,C,T,T,A,T,T,T,Indica II,101.2,GCTTATTT
W183,G,C,T,T,A,T,T,T,Indica II,96.6,GCTTATTT
W184,G,C,T,T,A,T,T,T,Indica II,98.0,GCTTATTT
W185,G,C,T,T,A,T,T,T,Indica II,95.6,GCTTATTT
W186,G,C,T,T,A,T,T,T,Indica Intermediate,98.2,GCTTATTT
W187,G,N,T,T,A,T,T,T,Indica Intermediate,105.2,GNTTATTT
W188,G,C,T,T,A,T,T,C,Indica II,102.0,GCTTATTC
W189,G,C,T,T,A,T,T,T,Indica II,114.2,GCTTATTT
W191,G,C,T,T,T,T,T,C,Intermediate,121.0,GCTTTTTC
W192,G,C,T,T,T,T,T,C,Intermediate,121.2,GCTTTTTC
W193,A,C,T,A,A,C,T,T,Temperate Japonica,121.4,ACTAACTT
W194,G,C,T,T,T,T,T,T,Indica II,108.8,GCTTTTTT
W195,G,C,T,T,A,T,T,T,Indica II,123.8,GCTTATTT
W197,G,C,T,T,A,T,T,T,Indica II,112.8,GCTTATTT
W198,G,C,C,T,A,T,T,C,Indica Intermediate,180.0,GCCTATTC
W199,G,C,T,T,A,T,T,C,Indica Intermediate,125.2,GCTTATTC
W200,G,C,T,T,A,T,T,T,Indica Intermediate,115.4,GCTTATTT
W201,G,C,T,T,A,T,T,T,Indica Intermediate,108.2,GCTTATTT
W202,G,C,T,T,A,T,T,T,Indica Intermediate,112.0,GCTTATTT
W203,G,C,C,T,T,T,T,T,Indica Intermediate,185.6,GCCTTTTT
W204,G,C,C,T,A,T,T,T,Indica I,154.2,GCCTATTT
W205,G,C,C,T,A,T,T,T,Indica I,161.8,GCCTATTT
W206,G,C,T,T,A,T,T,C,Indica Intermediate,112.0,GCTTATTC
W207,A,C,T,T,A,C,T,T,Temperate Japonica,114.6,ACTTACTT
W208,G,C,T,A,A,T,T,T,Temperate Japonica,119.6,GCTAATTT
W209,A,C,T,T,A,C,T,T,Temperate Japonica,142.4,ACTTACTT
W210,G,C,C,T,A,T,T,T,Indica I,166.4,GCCTATTT
W211,G,C,T,T,A,T,T,T,Indica II,97.0,GCTTATTT
W212,G,C,C,T,A,T,T,C,Indica Intermediate,159.6,GCCTATTC
W213,G,C,T,T,A,T,T,T,Indica Intermediate,137.4,GCTTATTT
W214,G,C,C,T,T,C,T,C,Aus,153.8,GCCTTCTC
W215,G,C,C,T,T,C,T,C,Aus,154.4,GCCTTCTC
W216,G,C,T,T,A,T,T,T,Indica II,113.8,GCTTATTT
W217,G,C,T,T,A,T,T,T,Indica Intermediate,133.8,GCTTATTT
W218,G,C,T,T,A,T,T,T,Indica Intermediate,133.6,GCTTATTT
W219,G,C,C,T,T,C,C,C,VI/Aromatic,161.0,GCCTTCCC
W220,G,C,C,T,T,C,C,C,VI/Aromatic,172.0,GCCTTCCC
W221,G,C,C,T,A,T,T,T,Indica Intermediate,112.4,GCCTATTT
W222,G,C,T,T,A,T,T,T,Indica II,115.6,GCTTATTT
W223,G,C,T,T,A,T,T,T,Indica II,103.6,GCTTATTT
W224,G,C,T,T,A,T,T,T,Indica II,116.0,GCTTATTT
W225,G,C,T,T,A,T,T,T,Tropical Japonica,90.2,GCTTATTT
W226,A,C,T,T,A,T,T,T,Temperate Japonica,93.2,ACTTATTT
W227,G,C,T,T,A,T,T,T,Indica Intermediate,106.6,GCTTATTT
W228,G,C,T,T,A,T,T,T,Indica II,115.0,GCTTATTT
W229,G,C,T,T,A,T,T,T,Indica II,119.4,GCTTATTT
W230,G,C,T,T,A,T,T,T,Indica II,-9.0,GCTTATTT
W231,G,C,T,T,A,T,T,T,Indica II,117.0,GCTTATTT
W233,G,C,T,T,A,T,T,T,Indica Intermediate,114.2,GCTTATTT
W234,G,C,T,T,A,T,T,T,Indica Intermediate,112.8,GCTTATTT
W235,G,C,C,T,T,T,T,C,Indica I,148.4,GCCTTTTC
W236,G,C,T,T,A,T,T,T,Indica II,101.8,GCTTATTT
W237,G,C,T,T,A,T,T,T,Indica II,115.8,GCTTATTT
W238,G,C,T,T,A,T,T,T,Indica II,95.4,GCTTATTT
W239,G,C,T,T,A,T,T,C,Indica Intermediate,109.8,GCTTATTC
W240,G,C,T,T,A,C,T,N,Indica Intermediate,111.6,GCTTACTN
W241,G,C,C,T,T,T,T,T,Indica II,119.2,GCCTTTTT
W242,G,C,T,T,A,T,T,T,Indica Intermediate,106.2,GCTTATTT
W243,G,C,T,T,A,T,T,T,Indica II,105.6,GCTTATTT
W244,G,C,T,T,A,T,T,T,Indica II,102.4,GCTTATTT
W245,G,C,T,T,A,T,T,T,Indica Intermediate,121.6,GCTTATTT
W246,G,C,N,T,A,T,T,C,Indica Intermediate,151.0,GCNTATTC
W247,G,C,C,T,A,T,T,T,Indica I,170.2,GCCTATTT
W248,G,C,T,T,A,T,T,T,Indica I,145.4,GCTTATTT
W249,A,C,T,A,A,C,T,T,Temperate Japonica,125.8,ACTAACTT
W250,A,C,T,A,A,C,T,T,Temperate Japonica,123.2,ACTAACTT
W251,G,C,T,A,A,T,T,T,Tropical Japonica,129.8,GCTAATTT
W252,G,C,C,T,T,C,C,C,VI/Aromatic,178.0,GCCTTCCC
W253,G,C,T,A,A,T,T,T,Tropical Japonica,146.2,GCTAATTT
W254,G,C,T,A,A,T,T,T,Tropical Japonica,143.4,GCTAATTT
W255,G,C,C,T,T,C,C,C,VI/Aromatic,145.8,GCCTTCCC
W256,G,C,C,T,A,C,C,C,VI/Aromatic,160.0,GCCTACCC
W257,G,C,T,A,A,T,T,T,Tropical Japonica,171.6,GCTAATTT
W258,G,C,C,T,A,C,C,C,VI/Aromatic,158.4,GCCTACCC
W259,G,C,T,T,A,T,T,T,Indica II,106.0,GCTTATTT
W260,G,C,T,T,A,T,T,C,Tropical Japonica,134.0,GCTTATTC
W261,G,C,T,T,T,C,T,C,Intermediate,132.4,GCTTTCTC
W262,G,C,T,T,A,T,T,T,Indica I,83.8,GCTTATTT
W263,G,C,T,T,A,T,T,T,Indica Intermediate,114.8,GCTTATTT
W264,G,C,T,T,A,T,T,T,Indica Intermediate,91.4,GCTTATTT
W265,G,C,T,T,A,T,T,T,Indica Intermediate,120.4,GCTTATTT
W266,G,C,T,T,A,T,T,C,Indica III,132.6,GCTTATTC
W267,G,C,T,T,A,T,T,T,Indica Intermediate,114.4,GCTTATTT
W268,G,C,T,T,A,T,T,T,Indica Intermediate,91.4,GCTTATTT
W269,G,C,T,T,A,T,T,C,Indica Intermediate,96.0,GCTTATTC
W270,G,C,T,T,A,T,T,C,Indica Intermediate,99.0,GCTTATTC
W271,G,C,T,T,A,T,T,T,Indica Intermediate,95.8,GCTTATTT
W272,G,C,C,T,T,T,T,C,Indica Intermediate,155.6,GCCTTTTC
W273,G,C,T,A,A,T,T,C,Tropical Japonica,156.2,GCTAATTC
W274,G,C,T,T,T,T,T,T,Indica I,70.8,GCTTTTTT
W275,G,C,T,A,A,T,T,T,Tropical Japonica,148.2,GCTAATTT
W276,G,C,T,T,A,T,T,T,Indica III,160.2,GCTTATTT
W277,G,C,C,T,T,C,T,C,Aus,142.0,GCCTTCTC
W278,G,C,C,T,T,C,T,C,Aus,146.6,GCCTTCTC
W279,G,C,C,T,T,C,T,C,Aus,166.6,GCCTTCTC
W280,G,C,C,T,T,C,T,C,Aus,145.8,GCCTTCTC
W281,G,C,T,T,A,C,T,T,Temperate Japonica,150.0,GCTTACTT
W282,G,C,C,T,A,T,T,C,Indica Intermediate,134.8,GCCTATTC
W283,A,C,T,T,A,C,T,T,Temperate Japonica,68.4,ACTTACTT
W284,G,C,T,A,A,T,T,C,Tropical Japonica,135.4,GCTAATTC
W285,G,C,T,A,A,T,T,T,Tropical Japonica,134.6,GCTAATTT
W286,G,C,C,T,T,C,T,C,Aus,154.8,GCCTTCTC
W287,G,C,C,T,T,C,T,C,Aus,150.2,GCCTTCTC
W288,G,C,T,A,A,T,T,C,Tropical Japonica,144.2,GCTAATTC
W289,G,C,T,T,A,T,T,T,Indica II,104.4,GCTTATTT
W290,G,C,T,T,A,C,T,T,Temperate Japonica,116.4,GCTTACTT
W291,G,C,T,T,T,T,T,T,Indica II,96.6,GCTTTTTT
W292,G,C,C,T,T,C,T,C,Aus,164.2,GCCTTCTC
W293,G,C,T,T,A,T,T,T,Indica II,83.4,GCTTATTT
W294,G,C,T,T,A,T,T,T,Intermediate,118.8,GCTTATTT
W295,G,C,T,T,A,T,T,T,Indica II,99.6,GCTTATTT
W296,G,C,C,T,T,C,T,C,Aus,138.8,GCCTTCTC
W297,G,C,C,T,T,C,T,C,Aus,161.2,GCCTTCTC
W298,G,C,T,T,T,T,T,T,Indica II,95.2,GCTTTTTT
W299,G,C,T,T,T,T,T,T,Indica Intermediate,90.8,GCTTTTTT
W300,G,C,T,T,A,T,T,T,Tropical Japonica,107.2,GCTTATTT
W301,G,C,T,T,A,T,T,T,Indica II,95.6,GCTTATTT
W302,G,C,T,T,A,C,T,T,Tropical Japonica,166.8,GCTTACTT
W303,G,C,T,A,A,T,T,T,Tropical Japonica,157.8,GCTAATTT
W304,G,C,T,T,T,T,T,T,Intermediate,95.8,GCTTTTTT
W305,A,C,T,T,A,C,T,T,Temperate Japonica,74.0,ACTTACTT
W306,G,C,T,T,T,C,C,C,VI/Aromatic,129.6,GCTTTCCC
W307,G,C,T,T,A,T,T,T,Indica II,101.0,GCTTATTT
W308,G,C,T,T,A,T,T,T,Indica II,109.4,GCTTATTT
W309,G,C,T,T,A,T,T,T,Indica II,112.2,GCTTATTT
W310,G,C,C,T,A,T,T,T,Indica Intermediate,111.2,GCCTATTT
W311,G,C,T,T,A,T,T,T,Indica II,100.6,GCTTATTT
W312,G,C,T,T,A,T,T,T,Indica II,111.6,GCTTATTT
W313,G,C,T,T,A,C,T,T,Indica II,110.4,GCTTACTT
W314,G,C,C,T,A,T,T,C,Indica II,111.2,GCCTATTC
W315,G,C,T,T,A,T,T,T,Indica II,102.0,GCTTATTT
W316,G,C,T,T,A,T,T,T,Indica II,99.0,GCTTATTT
W317,G,C,T,T,A,T,T,T,Indica II,110.4,GCTTATTT
W318,G,C,N,T,A,T,T,T,Indica I,139.3,GCNTATTT
W319,G,C,T,A,A,C,C,C,Temperate Japonica,174.2,GCTAACCC
W320,G,C,C,T,T,T,T,C,Indica Intermediate,177.2,GCCTTTTC
W321,G,C,T,T,T,T,T,T,Indica III,160.6,GCTTTTTT
W322,G,C,T,T,A,T,T,T,Indica Intermediate,109.0,GCTTATTT
W323,A,C,T,T,A,C,T,C,Japonica Intermediate,136.4,ACTTACTC
W324,G,C,T,T,A,C,T,C,Japonica Intermediate,156.0,GCTTACTC
W325,G,C,T,A,A,C,T,C,Temperate Japonica,135.8,GCTAACTC
W326,G,C,T,T,A,C,T,C,Japonica Intermediate,155.4,GCTTACTC
W327,A,C,T,T,A,C,T,C,Temperate Japonica,89.8,ACTTACTC
W328,A,C,T,T,A,C,T,T,Intermediate,117.4,ACTTACTT
W329,G,C,T,T,A,T,T,C,Tropical Japonica,147.4,GCTTATTC
W330,G,C,C,T,T,C,T,C,Aus,149.6,GCCTTCTC
