Cultivar ID,vg0112116426,vg0128525986,vg0130976864,vg0131664768,vg0133440209,vg0135617816,vg0135642980,vg0138418739,vg0138428840,vg0138608956,vg0138999212,vg0405463422,vg0405463763,vg0603483061,vg0713178880,vg0719727299,vg0719727339,vg0719834473,vg0819793460,vg0904094998,vg0904282939,vg1019044175,vg1123563633,vg1207667840,Subpopulation,Plant Height (cm),sequence
C001,G,G,G,A,G,C,C,A,T,C,G,T,A,A,T,G,T,T,T,C,C,C,C,C,Indica,144.13,GGGAGCCATCGTAATGTTTCCCCC
C002,G,G,G,G,G,C,C,A,C,C,G,T,A,A,T,G,C,C,T,C,C,C,C,C,VI/Aromatic,177.62,GGGGGCCACCGTAATGCCTCCCCC
C003,G,A,G,A,G,C,C,A,T,A,G,G,A,G,T,G,C,C,A,A,C,C,T,T,Japonica,141.57,GAGAGCCATAGGAGTGCCAACCTT
C004,G,A,G,G,G,C,C,A,T,A,G,G,A,G,A,A,C,T,A,C,T,C,T,C,Japonica,140.4,GAGGGCCATAGGAGAACTACTCTC
C005,A,G,G,G,G,C,C,A,T,A,G,T,A,A,A,G,C,C,A,A,C,T,T,C,Japonica,163.33,AGGGGCCATAGTAAAGCCAACTTC
C006,G,G,G,A,G,C,G,G,T,A,T,T,A,A,T,G,T,T,A,C,C,T,T,T,Indica,108.23,GGGAGCGGTATTAATGTTACCTTT
C007,G,G,G,A,G,C,G,G,T,A,T,T,A,A,T,G,T,T,A,C,C,T,T,T,Indica,107.97,GGGAGCGGTATTAATGTTACCTTT
C008,G,G,G,G,G,C,G,G,T,A,T,G,T,A,T,G,T,T,A,C,C,T,T,C,Indica,87.47,GGGGGCGGTATGTATGTTACCTTC
C009,G,G,G,A,G,C,C,G,T,A,T,G,A,A,T,G,T,T,A,C,C,T,T,T,Indica,106.8,GGGAGCCGTATGAATGTTACCTTT
C010,G,A,G,G,G,C,C,G,T,A,T,G,T,A,T,G,C,C,A,A,C,C,T,T,Japonica,106.7,GAGGGCCGTATGTATGCCAACCTT
C011,G,G,G,A,G,C,G,G,T,A,T,G,T,A,T,G,T,T,A,C,C,T,T,T,Indica,100.43,GGGAGCGGTATGTATGTTACCTTT
C012,G,A,A,A,G,C,C,A,T,A,G,G,T,G,A,G,T,T,A,A,C,C,T,T,Japonica,114.1,GAAAGCCATAGGTGAGTTAACCTT
C013,G,G,G,G,G,C,C,A,C,C,G,T,A,A,T,G,T,C,T,C,C,C,T,C,Aus,150.43,GGGGGCCACCGTAATGTCTCCCTC
C014,G,A,A,A,G,C,G,G,T,A,T,G,T,G,T,A,C,C,A,A,C,T,T,T,Japonica,82.43,GAAAGCGGTATGTGTACCAACTTT
C015,G,G,G,G,G,C,C,A,C,A,G,T,A,A,T,G,T,C,T,C,C,C,C,C,Aus,152.2,GGGGGCCACAGTAATGTCTCCCCC
C016,G,A,G,A,G,C,C,A,T,A,G,G,T,G,T,A,C,C,A,A,C,C,C,T,Japonica,77.73,GAGAGCCATAGGTGTACCAACCCT
C017,G,A,A,G,G,C,C,A,T,A,G,G,T,G,T,A,C,C,A,A,C,C,T,T,Japonica,92.67,GAAGGCCATAGGTGTACCAACCTT
C018,G,A,A,A,G,C,C,A,T,A,G,G,T,G,T,A,C,C,A,A,C,C,T,T,Japonica,78.27,GAAAGCCATAGGTGTACCAACCTT
C019,G,G,G,A,G,C,G,G,T,A,T,T,A,A,T,G,T,T,A,C,C,T,T,T,Indica,80.25,GGGAGCGGTATTAATGTTACCTTT
C020,G,G,G,A,G,C,G,G,T,A,G,T,A,A,T,G,T,T,A,C,C,T,C,T,Indica,78.17,GGGAGCGGTAGTAATGTTACCTCT
C021,G,G,G,A,G,C,G,G,T,A,T,T,A,A,T,G,C,T,A,C,C,T,C,T,Indica,80.83,GGGAGCGGTATTAATGCTACCTCT
C022,G,G,G,A,G,C,G,A,T,C,G,G,T,A,T,G,T,T,A,C,C,T,T,T,Indica,77.3,GGGAGCGATCGGTATGTTACCTTT
C023,G,A,G,G,G,C,C,A,T,A,G,G,T,G,T,A,C,C,A,A,C,C,T,T,Japonica,89.39,GAGGGCCATAGGTGTACCAACCTT
C024,G,G,A,A,G,C,G,A,T,C,G,T,A,A,T,G,T,T,A,A,C,T,C,T,Indica,85.33,GGAAGCGATCGTAATGTTAACTCT
C025,G,G,G,G,G,C,G,G,T,A,T,G,T,A,T,G,T,T,A,C,C,T,T,T,Indica,82.83,GGGGGCGGTATGTATGTTACCTTT
C026,G,A,A,A,G,C,C,A,T,A,G,G,T,G,T,A,C,C,A,A,C,C,T,T,Japonica,104.7,GAAAGCCATAGGTGTACCAACCTT
C027,G,G,G,A,G,C,G,G,T,A,T,G,A,A,T,G,T,T,A,C,C,T,T,C,Indica,100.47,GGGAGCGGTATGAATGTTACCTTC
C028,G,A,A,A,G,C,C,A,T,A,G,G,T,G,T,A,C,C,A,A,C,C,T,T,Japonica,86.97,GAAAGCCATAGGTGTACCAACCTT
C029,G,G,A,A,G,C,C,G,T,A,T,G,T,A,T,A,C,C,A,A,C,C,T,T,Japonica,94.0,GGAAGCCGTATGTATACCAACCTT
C030,G,G,G,A,G,C,G,G,T,A,T,T,A,A,T,G,T,T,A,C,C,T,T,T,Indica,99.57,GGGAGCGGTATTAATGTTACCTTT
C031,G,G,G,A,G,C,G,G,T,A,T,T,A,A,T,G,T,T,A,C,C,T,T,T,Indica,96.27,GGGAGCGGTATTAATGTTACCTTT
C032,A,A,A,G,G,C,C,A,T,A,G,G,T,G,T,A,C,T,A,C,T,C,T,T,Japonica,107.8,AAAGGCCATAGGTGTACTACTCTT
C033,G,G,G,A,A,C,G,A,T,C,G,T,A,A,T,G,T,T,A,C,C,T,C,T,Indica,132.04,GGGAACGATCGTAATGTTACCTCT
C034,G,A,G,G,G,C,C,A,T,A,G,G,T,G,T,G,T,T,A,A,C,C,T,T,Japonica,110.5,GAGGGCCATAGGTGTGTTAACCTT
C035,A,A,A,G,G,C,C,A,T,A,G,G,T,G,T,A,C,C,A,A,C,C,T,T,Japonica,102.58,AAAGGCCATAGGTGTACCAACCTT
C036,G,G,G,A,A,C,G,A,T,C,G,T,A,A,T,G,T,T,T,C,C,T,C,T,Indica,95.07,GGGAACGATCGTAATGTTTCCTCT
C037,G,G,G,A,G,C,G,G,T,A,T,T,A,A,T,G,T,T,A,C,C,T,T,T,Indica,105.33,GGGAGCGGTATTAATGTTACCTTT
C038,G,G,G,G,A,C,G,A,T,C,G,T,A,G,T,G,T,T,A,C,C,T,T,T,Indica,101.33,GGGGACGATCGTAGTGTTACCTTT
C039,G,G,G,G,G,C,G,G,T,A,T,T,A,A,T,G,T,T,A,C,C,T,C,T,Indica,109.43,GGGGGCGGTATTAATGTTACCTCT
C040,G,G,G,A,G,C,G,G,T,A,T,G,T,A,T,G,T,T,A,C,C,T,C,T,Indica,102.46,GGGAGCGGTATGTATGTTACCTCT
C041,G,G,G,A,G,C,G,G,T,A,G,T,A,A,T,G,T,T,A,C,C,T,T,C,Indica,113.1,GGGAGCGGTAGTAATGTTACCTTC
C042,G,G,G,G,G,C,G,G,T,A,T,G,A,A,T,G,T,T,A,C,C,T,T,T,Indica,103.67,GGGGGCGGTATGAATGTTACCTTT
C043,G,G,G,A,G,C,G,G,T,A,T,G,A,A,T,G,T,T,A,C,C,T,T,T,Indica,106.33,GGGAGCGGTATGAATGTTACCTTT
C044,G,G,G,G,G,C,G,G,T,A,T,T,A,A,T,G,T,T,A,C,C,T,T,T,Indica,104.33,GGGGGCGGTATTAATGTTACCTTT
C045,G,G,G,A,G,C,G,G,T,A,T,G,A,A,T,G,T,T,A,C,C,T,T,C,Indica,106.23,GGGAGCGGTATGAATGTTACCTTC
C046,G,G,G,A,G,C,G,G,T,A,G,T,A,A,T,G,T,T,A,C,C,T,T,T,Indica,172.37,GGGAGCGGTAGTAATGTTACCTTT
C047,G,G,G,G,G,C,C,A,C,A,G,T,A,A,T,G,T,T,T,C,C,T,T,T,Indica,97.53,GGGGGCCACAGTAATGTTTCCTTT
C048,G,A,A,A,G,C,C,A,T,A,G,G,T,G,T,G,T,T,A,A,C,C,T,T,Japonica,97.33,GAAAGCCATAGGTGTGTTAACCTT
C049,G,G,G,A,G,C,G,G,T,A,T,G,A,A,T,G,C,T,A,C,C,T,T,T,Indica,103.13,GGGAGCGGTATGAATGCTACCTTT
C050,G,G,G,A,G,C,G,G,T,A,T,G,T,A,T,G,C,T,A,C,C,T,T,T,Indica,108.81,GGGAGCGGTATGTATGCTACCTTT
C051,G,A,A,A,G,C,C,G,T,A,T,G,T,G,T,G,T,T,A,A,C,T,T,T,Intermediate,99.9,GAAAGCCGTATGTGTGTTAACTTT
C052,G,A,A,A,G,C,C,A,T,A,G,G,A,G,T,A,C,C,A,A,C,C,T,C,Japonica,107.0,GAAAGCCATAGGAGTACCAACCTC
C053,G,G,G,A,G,C,G,G,T,A,T,G,T,A,T,G,C,T,A,C,C,T,T,T,Indica,116.63,GGGAGCGGTATGTATGCTACCTTT
C054,G,A,G,G,G,C,C,A,T,A,G,G,T,G,T,G,T,T,A,A,C,C,T,T,Japonica,97.9,GAGGGCCATAGGTGTGTTAACCTT
C055,G,G,G,A,G,C,G,A,C,C,G,T,A,A,T,G,T,T,A,C,C,T,T,T,Indica,119.03,GGGAGCGACCGTAATGTTACCTTT
C056,G,A,G,A,G,C,C,A,T,A,G,G,T,G,T,A,C,C,A,A,C,C,C,T,Japonica,99.03,GAGAGCCATAGGTGTACCAACCCT
C057,G,A,A,G,G,C,C,A,T,A,G,G,T,G,T,A,C,C,A,A,C,C,T,T,Japonica,123.63,GAAGGCCATAGGTGTACCAACCTT
C058,G,G,G,A,G,C,G,G,T,A,T,T,A,A,T,G,T,T,A,C,C,T,C,T,Indica,103.7,GGGAGCGGTATTAATGTTACCTCT
C059,G,G,G,A,G,C,G,G,T,A,T,T,A,A,T,G,T,T,A,C,C,T,C,T,Indica,113.43,GGGAGCGGTATTAATGTTACCTCT
C060,G,G,G,A,G,C,G,A,T,C,G,T,A,A,T,G,T,T,A,C,C,T,C,C,Indica,114.73,GGGAGCGATCGTAATGTTACCTCC
C061,G,G,G,A,G,C,G,G,T,A,T,G,T,A,T,G,T,T,A,C,C,T,T,T,Indica,109.37,GGGAGCGGTATGTATGTTACCTTT
C062,G,G,G,A,G,C,G,G,T,A,T,G,T,A,T,G,T,T,A,C,C,T,T,T,Indica,105.5,GGGAGCGGTATGTATGTTACCTTT
C063,G,A,A,A,G,C,C,A,T,A,G,G,T,G,A,A,C,C,A,A,C,C,C,C,Japonica,115.54,GAAAGCCATAGGTGAACCAACCCC
C064,G,A,A,A,G,C,C,A,T,A,G,G,T,G,T,G,T,T,A,A,C,C,T,T,Japonica,103.3,GAAAGCCATAGGTGTGTTAACCTT
C065,G,G,G,A,G,C,G,G,T,A,G,G,T,A,T,G,T,T,A,C,C,T,T,T,Indica,109.07,GGGAGCGGTAGGTATGTTACCTTT
C066,G,G,G,G,G,C,G,A,T,C,G,G,T,A,T,G,T,T,T,C,C,T,T,C,Indica,120.27,GGGGGCGATCGGTATGTTTCCTTC
C067,A,A,G,A,G,C,C,A,T,A,G,G,A,G,T,G,T,T,A,A,C,C,T,C,Japonica,117.93,AAGAGCCATAGGAGTGTTAACCTC
C068,G,G,G,A,G,C,G,G,T,A,T,G,A,A,T,G,T,T,A,C,C,T,T,T,Indica,109.6,GGGAGCGGTATGAATGTTACCTTT
C069,G,G,G,A,G,C,G,G,T,A,T,G,T,A,T,G,T,T,A,C,C,T,T,T,Indica,115.8,GGGAGCGGTATGTATGTTACCTTT
C070,G,A,G,A,G,C,C,A,T,A,G,G,T,G,A,A,C,C,A,A,C,C,T,T,Japonica,97.8,GAGAGCCATAGGTGAACCAACCTT
C071,G,A,G,A,G,C,C,A,T,A,G,G,A,G,T,G,T,T,A,C,T,C,T,C,Japonica,128.2,GAGAGCCATAGGAGTGTTACTCTC
C072,G,G,G,A,A,C,G,A,T,C,G,T,A,A,T,G,T,T,T,C,C,T,T,T,Indica,158.07,GGGAACGATCGTAATGTTTCCTTT
C073,G,G,G,A,G,C,G,A,C,C,G,T,A,A,T,G,T,T,T,C,C,T,T,C,Indica,167.83,GGGAGCGACCGTAATGTTTCCTTC
C074,A,A,G,G,G,C,C,A,T,A,G,G,A,G,T,A,C,C,A,C,T,C,T,C,Japonica,143.65,AAGGGCCATAGGAGTACCACTCTC
C075,A,A,G,A,G,C,C,A,T,A,G,G,A,G,T,G,T,T,A,A,C,C,T,C,Japonica,131.3,AAGAGCCATAGGAGTGTTAACCTC
C076,G,G,G,A,G,C,G,A,C,C,G,T,A,A,T,G,T,T,A,C,C,T,C,C,Indica,127.36,GGGAGCGACCGTAATGTTACCTCC
C077,G,G,G,G,G,C,G,A,C,C,G,T,A,A,T,G,T,T,A,C,C,T,C,C,Indica,149.8,GGGGGCGACCGTAATGTTACCTCC
C078,G,G,G,G,G,C,C,A,T,C,G,T,A,A,T,G,T,T,T,C,C,T,T,C,Indica,172.4,GGGGGCCATCGTAATGTTTCCTTC
C079,A,G,G,G,G,C,C,A,T,A,G,G,T,G,A,G,T,T,A,C,T,C,T,C,Japonica,143.32,AGGGGCCATAGGTGAGTTACTCTC
C080,G,G,G,G,A,C,C,A,C,C,G,T,A,A,T,G,T,T,T,C,C,T,T,T,Indica,170.53,GGGGACCACCGTAATGTTTCCTTT
C081,G,G,G,A,G,C,G,A,C,C,G,T,A,A,T,G,T,T,A,C,C,T,C,C,Indica,155.8,GGGAGCGACCGTAATGTTACCTCC
C082,A,A,G,A,G,C,C,A,T,A,G,G,A,G,T,G,T,T,A,C,T,C,T,C,Japonica,156.46,AAGAGCCATAGGAGTGTTACTCTC
C083,G,G,G,G,G,C,C,A,T,A,G,G,T,G,A,G,T,T,A,C,T,T,C,T,Japonica,174.7,GGGGGCCATAGGTGAGTTACTTCT
C084,G,A,G,A,G,C,C,A,T,A,G,G,T,A,T,A,C,C,A,A,C,C,C,C,Japonica,157.62,GAGAGCCATAGGTATACCAACCCC
C085,G,A,G,A,G,C,C,A,T,A,G,G,T,G,T,A,C,C,A,A,C,C,C,C,Japonica,147.1,GAGAGCCATAGGTGTACCAACCCC
C086,G,G,G,G,G,C,C,A,C,C,G,T,A,A,T,G,T,C,A,C,C,C,T,C,Aus,147.17,GGGGGCCACCGTAATGTCACCCTC
C087,G,A,G,G,G,C,C,A,T,A,G,T,A,G,A,A,C,T,A,A,C,C,T,T,Japonica,141.27,GAGGGCCATAGTAGAACTAACCTT
C088,G,G,G,G,G,C,C,A,C,A,G,T,A,A,T,G,T,T,T,A,C,T,T,C,Indica,135.4,GGGGGCCACAGTAATGTTTACTTC
C089,G,A,G,A,G,C,C,A,T,A,G,G,A,G,T,G,T,T,A,C,T,C,T,T,Japonica,142.43,GAGAGCCATAGGAGTGTTACTCTT
C090,G,G,G,G,A,C,C,A,C,C,G,T,A,A,T,G,T,T,A,C,C,T,T,T,Indica,177.29,GGGGACCACCGTAATGTTACCTTT
C091,G,G,G,G,G,C,C,A,T,C,G,T,A,A,T,G,T,T,A,C,C,T,T,C,Indica,170.07,GGGGGCCATCGTAATGTTACCTTC
C092,G,G,G,G,G,C,C,A,T,C,G,T,A,A,T,G,T,T,A,A,C,T,T,C,Indica,168.47,GGGGGCCATCGTAATGTTAACTTC
C093,A,A,G,G,G,C,C,A,T,A,G,G,A,G,A,G,T,T,A,A,C,C,T,C,Japonica,164.73,AAGGGCCATAGGAGAGTTAACCTC
C094,G,G,G,A,G,T,C,A,T,C,G,G,T,A,T,G,T,T,A,C,C,T,T,C,Indica,154.87,GGGAGTCATCGGTATGTTACCTTC
C095,G,G,G,G,G,C,G,A,C,C,G,G,T,A,T,G,T,T,T,C,C,T,T,C,Indica,163.37,GGGGGCGACCGGTATGTTTCCTTC
C096,G,G,G,G,G,C,C,A,C,C,G,T,A,A,T,G,T,T,T,C,C,T,T,C,Indica,166.4,GGGGGCCACCGTAATGTTTCCTTC
C097,G,G,G,G,A,C,C,A,C,C,G,T,A,A,T,G,T,T,T,C,C,T,T,T,Indica,172.2,GGGGACCACCGTAATGTTTCCTTT
C098,G,G,G,G,G,C,C,A,C,C,G,T,A,A,T,G,T,T,A,C,C,C,T,C,Indica,178.27,GGGGGCCACCGTAATGTTACCCTC
C099,G,G,G,A,A,C,C,A,T,C,G,G,T,A,T,G,T,T,T,C,C,T,T,C,Indica,176.8,GGGAACCATCGGTATGTTTCCTTC
C100,G,G,G,G,G,C,C,A,C,C,G,T,A,A,T,G,T,T,T,C,C,T,T,C,Indica,166.45,GGGGGCCACCGTAATGTTTCCTTC
C101,A,A,G,G,G,C,C,A,T,A,G,G,T,G,A,G,T,T,A,C,T,C,C,C,Japonica,192.07,AAGGGCCATAGGTGAGTTACTCCC
C102,G,G,G,A,A,C,C,A,C,C,G,G,T,A,T,A,C,T,A,C,C,T,T,T,Indica,150.67,GGGAACCACCGGTATACTACCTTT
C103,A,G,G,G,G,C,C,A,T,A,G,G,T,A,A,G,T,T,A,C,T,C,T,C,Japonica,202.07,AGGGGCCATAGGTAAGTTACTCTC
C104,G,G,G,G,A,C,C,A,C,C,G,T,A,A,T,G,T,T,T,C,C,T,T,T,Indica,179.14,GGGGACCACCGTAATGTTTCCTTT
C105,G,G,G,G,G,C,C,A,T,C,G,T,A,A,T,G,T,C,A,C,C,T,T,T,Indica,170.17,GGGGGCCATCGTAATGTCACCTTT
C106,G,A,G,A,G,C,C,A,T,A,G,G,T,G,A,G,T,T,A,C,T,C,C,C,Japonica,191.0,GAGAGCCATAGGTGAGTTACTCCC
C107,G,G,G,A,G,C,G,G,T,A,G,T,A,A,T,G,T,T,T,C,C,T,T,T,Indica,193.67,GGGAGCGGTAGTAATGTTTCCTTT
C108,G,G,G,G,G,C,C,A,C,C,G,T,A,A,T,G,T,T,T,C,C,T,T,T,Indica,156.8,GGGGGCCACCGTAATGTTTCCTTT
C109,G,G,G,G,G,C,G,A,C,C,G,T,A,A,T,G,T,T,T,C,C,T,T,T,Indica,162.1,GGGGGCGACCGTAATGTTTCCTTT
C110,G,G,G,G,G,C,C,A,C,C,G,T,A,A,T,G,T,T,A,C,C,T,T,C,Indica,159.33,GGGGGCCACCGTAATGTTACCTTC
C111,A,A,G,G,G,C,C,A,T,A,G,G,A,G,A,A,C,C,A,C,T,C,C,C,Japonica,206.13,AAGGGCCATAGGAGAACCACTCCC
C112,G,G,G,A,G,C,G,A,T,C,G,T,A,A,T,G,T,T,A,C,C,T,T,T,Indica,77.43,GGGAGCGATCGTAATGTTACCTTT
C113,G,G,G,A,A,C,G,A,T,C,G,T,A,A,T,G,T,T,A,C,C,T,T,T,Indica,73.77,GGGAACGATCGTAATGTTACCTTT
C114,G,G,A,A,G,C,G,A,T,C,G,T,A,A,T,G,T,T,A,C,C,T,C,T,Indica,86.87,GGAAGCGATCGTAATGTTACCTCT
C115,G,G,G,G,G,C,G,G,T,A,T,G,A,A,T,G,T,T,A,A,C,T,T,T,Indica,80.4,GGGGGCGGTATGAATGTTAACTTT
C116,G,A,A,A,G,C,C,A,T,A,G,G,T,G,T,A,C,C,A,A,C,C,T,T,Japonica,87.03,GAAAGCCATAGGTGTACCAACCTT
C117,G,G,G,G,G,C,G,A,T,C,G,T,A,A,T,G,T,T,A,A,C,T,T,T,Indica,110.43,GGGGGCGATCGTAATGTTAACTTT
C118,G,G,G,A,A,C,G,A,T,C,G,G,T,A,T,G,T,T,A,C,C,C,T,T,Indica,88.27,GGGAACGATCGGTATGTTACCCTT
C119,G,A,A,A,G,C,C,G,T,A,T,G,T,A,T,G,T,T,A,A,C,T,T,T,Japonica,86.17,GAAAGCCGTATGTATGTTAACTTT
C120,G,A,A,A,G,C,C,A,T,A,G,G,T,G,A,A,C,C,A,A,C,C,C,T,Japonica,97.63,GAAAGCCATAGGTGAACCAACCCT
C121,G,G,G,A,A,C,G,A,T,A,G,T,A,A,T,G,T,T,T,C,C,T,C,T,Indica,150.67,GGGAACGATAGTAATGTTTCCTCT
C122,G,G,G,A,G,C,G,G,T,A,T,T,A,A,T,G,T,T,A,C,C,T,C,T,Indica,118.1,GGGAGCGGTATTAATGTTACCTCT
C123,G,G,G,G,G,C,C,A,T,A,G,G,T,A,A,A,C,C,A,A,C,C,T,T,Japonica,118.83,GGGGGCCATAGGTAAACCAACCTT
C124,G,G,G,A,G,C,G,G,T,A,T,T,A,A,T,G,T,T,A,C,C,C,T,T,Indica,110.27,GGGAGCGGTATTAATGTTACCCTT
C125,G,G,G,G,G,C,C,A,C,A,G,G,T,A,T,G,T,T,A,C,C,T,T,C,Indica,145.65,GGGGGCCACAGGTATGTTACCTTC
C127,G,G,G,A,G,C,G,A,T,C,G,T,A,A,T,G,T,T,A,C,C,T,T,C,Indica,152.54,GGGAGCGATCGTAATGTTACCTTC
C128,G,G,G,G,G,C,C,A,T,C,G,T,A,A,T,G,T,T,T,C,C,T,C,C,Indica,158.23,GGGGGCCATCGTAATGTTTCCTCC
C129,G,G,G,G,G,C,C,A,C,C,G,T,A,A,T,G,T,T,T,C,C,T,T,C,Indica,166.87,GGGGGCCACCGTAATGTTTCCTTC
C130,A,A,G,G,G,C,C,A,T,A,G,G,A,G,A,G,T,T,A,A,C,C,T,C,Japonica,155.4,AAGGGCCATAGGAGAGTTAACCTC
C131,G,G,G,G,A,C,C,A,T,C,G,T,A,A,T,G,T,T,A,C,C,T,T,C,Indica,165.07,GGGGACCATCGTAATGTTACCTTC
C132,G,G,G,G,G,C,C,A,C,C,G,T,A,A,T,G,T,T,A,C,C,T,T,T,Indica,169.67,GGGGGCCACCGTAATGTTACCTTT
C133,A,G,G,G,G,C,C,A,T,A,G,G,T,G,A,G,T,T,A,C,T,C,T,C,Japonica,170.8,AGGGGCCATAGGTGAGTTACTCTC
C134,G,G,G,A,G,C,C,A,T,A,G,T,A,G,A,G,T,T,A,C,T,C,C,C,Japonica,172.46,GGGAGCCATAGTAGAGTTACTCCC
C135,G,G,G,G,G,C,C,A,C,A,G,T,A,A,T,G,T,T,T,C,C,T,T,C,Indica,136.39,GGGGGCCACAGTAATGTTTCCTTC
C136,G,G,G,G,A,C,C,A,C,A,G,T,A,A,T,G,T,T,T,C,C,T,T,C,Indica,182.14,GGGGACCACAGTAATGTTTCCTTC
C137,A,G,G,A,G,C,C,A,T,A,G,G,A,G,A,A,C,C,A,C,T,C,C,C,Japonica,170.0,AGGAGCCATAGGAGAACCACTCCC
C138,A,A,G,A,G,C,C,A,T,A,G,G,A,G,T,A,C,T,A,C,T,C,T,C,Japonica,190.9,AAGAGCCATAGGAGTACTACTCTC
C139,G,G,G,A,G,C,G,A,T,C,G,T,A,A,T,G,T,C,T,C,T,C,T,C,Indica,185.33,GGGAGCGATCGTAATGTCTCTCTC
C140,G,G,G,G,G,C,C,A,C,C,G,T,A,A,T,G,T,T,A,C,C,T,T,C,Indica,164.4,GGGGGCCACCGTAATGTTACCTTC
C141,G,G,G,G,G,C,C,A,C,A,G,T,A,A,T,G,T,T,T,C,C,T,T,C,Indica,190.93,GGGGGCCACAGTAATGTTTCCTTC
C142,G,G,G,A,G,C,G,G,T,A,G,T,A,A,T,G,T,T,T,C,C,T,T,T,Indica,198.57,GGGAGCGGTAGTAATGTTTCCTTT
C143,G,G,G,G,A,C,C,A,C,C,G,G,T,A,T,G,T,T,A,C,C,T,T,C,Indica,170.36,GGGGACCACCGGTATGTTACCTTC
C144,A,G,G,A,G,C,C,A,T,A,G,T,A,G,A,G,T,T,A,C,T,C,C,C,Japonica,206.73,AGGAGCCATAGTAGAGTTACTCCC
C145,G,G,A,A,G,C,G,A,T,C,G,T,A,A,T,G,T,T,A,A,C,T,C,T,Indica,92.33,GGAAGCGATCGTAATGTTAACTCT
C146,G,A,A,A,G,C,C,A,T,A,G,G,T,G,T,A,C,C,A,A,C,C,T,T,Japonica,74.7,GAAAGCCATAGGTGTACCAACCTT
C147,G,G,G,A,G,C,G,G,T,A,T,G,T,A,T,G,C,T,A,A,C,T,T,T,Indica,108.1,GGGAGCGGTATGTATGCTAACTTT
C148,G,G,G,A,G,C,G,A,T,C,G,G,A,A,T,G,T,T,A,C,C,T,T,T,Indica,117.2,GGGAGCGATCGGAATGTTACCTTT
C149,G,A,A,A,G,C,C,A,T,A,G,G,T,G,A,A,C,C,A,A,C,C,C,T,Japonica,102.47,GAAAGCCATAGGTGAACCAACCCT
C150,G,A,A,A,G,C,C,A,T,A,G,G,T,G,T,A,C,C,A,A,C,C,T,T,Japonica,90.32,GAAAGCCATAGGTGTACCAACCTT
C151,G,G,G,A,G,C,G,G,T,A,T,T,A,A,T,G,T,T,A,C,C,T,T,T,Indica,107.73,GGGAGCGGTATTAATGTTACCTTT
C152,G,A,A,A,G,C,C,G,T,A,T,G,T,G,T,A,C,C,A,A,C,C,T,T,Japonica,100.0,GAAAGCCGTATGTGTACCAACCTT
C153,G,A,G,G,G,C,C,A,T,A,G,G,T,G,A,G,C,C,A,A,C,T,T,T,Japonica,105.07,GAGGGCCATAGGTGAGCCAACTTT
C154,G,A,A,A,G,C,C,A,T,A,G,G,T,G,T,A,C,C,A,A,C,C,T,T,Japonica,77.43,GAAAGCCATAGGTGTACCAACCTT
C155,G,G,G,A,G,C,G,A,T,C,G,T,A,A,T,G,T,T,A,C,C,T,C,T,Indica,69.47,GGGAGCGATCGTAATGTTACCTCT
C156,G,G,G,A,A,C,G,G,T,A,T,T,A,A,T,G,T,T,A,C,C,T,C,T,Indica,73.13,GGGAACGGTATTAATGTTACCTCT
C157,G,G,G,A,G,C,G,A,T,C,G,G,T,A,T,G,T,T,A,A,C,T,C,T,Indica,75.1,GGGAGCGATCGGTATGTTAACTCT
C158,G,G,G,G,G,C,G,G,T,A,T,T,A,A,T,G,T,T,A,C,C,T,C,T,Indica,85.17,GGGGGCGGTATTAATGTTACCTCT
C159,G,G,G,A,A,C,G,G,T,A,T,T,A,A,T,G,T,T,A,C,C,T,C,T,Indica,95.8,GGGAACGGTATTAATGTTACCTCT
C160,G,G,G,A,G,C,G,G,T,A,T,T,T,A,T,G,T,T,A,C,C,T,T,T,Indica,83.68,GGGAGCGGTATTTATGTTACCTTT
C161,G,G,G,A,A,C,G,G,T,A,T,T,A,A,T,G,T,T,A,C,C,T,C,T,Indica,93.5,GGGAACGGTATTAATGTTACCTCT
C162,G,G,G,G,G,C,C,A,T,C,G,T,A,G,T,G,T,T,T,C,C,T,T,T,Indica,97.77,GGGGGCCATCGTAGTGTTTCCTTT
C163,G,G,G,G,G,C,G,A,T,A,T,G,A,A,T,G,C,T,A,C,C,T,T,T,Indica,104.17,GGGGGCGATATGAATGCTACCTTT
C164,G,G,G,A,G,C,G,A,T,A,T,G,A,A,T,G,T,T,A,C,C,T,T,T,Indica,95.53,GGGAGCGATATGAATGTTACCTTT
C165,G,G,G,A,A,C,G,G,T,A,T,T,A,A,T,G,T,T,A,C,C,T,T,T,Indica,96.03,GGGAACGGTATTAATGTTACCTTT
C166,G,G,G,G,G,C,G,G,T,A,T,G,A,A,T,G,T,T,A,C,C,T,T,T,Indica,94.73,GGGGGCGGTATGAATGTTACCTTT
C167,G,G,G,G,G,C,G,G,T,A,T,T,A,A,T,G,T,T,A,C,C,T,T,T,Indica,108.23,GGGGGCGGTATTAATGTTACCTTT
C168,G,G,G,A,G,C,G,G,T,A,G,G,A,A,T,G,T,T,A,C,C,T,T,T,Indica,104.87,GGGAGCGGTAGGAATGTTACCTTT
C169,G,G,G,A,G,C,G,G,T,A,T,T,A,A,T,G,T,T,A,C,C,T,T,T,Indica,118.07,GGGAGCGGTATTAATGTTACCTTT
C170,G,G,G,A,G,C,G,G,T,A,G,T,A,A,T,G,T,T,A,C,C,T,T,T,Indica,94.87,GGGAGCGGTAGTAATGTTACCTTT
C171,A,A,G,G,G,C,C,A,T,A,G,G,T,G,T,G,T,T,A,A,C,C,T,C,Japonica,140.61,AAGGGCCATAGGTGTGTTAACCTC
C172,G,A,A,A,G,C,C,A,T,A,G,G,T,G,A,A,C,C,A,A,C,C,C,T,Japonica,102.37,GAAAGCCATAGGTGAACCAACCCT
C173,G,G,G,A,G,C,G,G,T,A,T,T,A,A,T,G,T,T,T,C,C,T,T,C,Indica,114.4,GGGAGCGGTATTAATGTTTCCTTC
C174,G,G,G,A,A,C,G,A,T,C,G,G,A,A,T,G,T,T,A,C,C,T,T,T,Indica,111.43,GGGAACGATCGGAATGTTACCTTT
C175,G,G,G,A,G,C,G,A,T,C,G,T,A,A,T,G,T,T,T,C,C,T,T,T,Indica,111.2,GGGAGCGATCGTAATGTTTCCTTT
C176,G,G,G,G,G,C,G,G,T,A,T,T,A,A,T,A,C,T,A,C,C,T,T,C,Indica,97.67,GGGGGCGGTATTAATACTACCTTC
C177,G,A,A,G,G,C,C,A,T,A,G,G,T,G,T,A,C,C,A,A,C,C,T,T,Japonica,112.87,GAAGGCCATAGGTGTACCAACCTT
C178,G,G,G,G,G,C,G,G,T,A,T,G,T,A,T,G,T,T,A,C,C,T,T,T,Indica,107.67,GGGGGCGGTATGTATGTTACCTTT
C179,G,A,G,G,G,C,C,A,T,A,G,G,T,A,T,G,T,C,A,A,T,C,T,C,Japonica,133.53,GAGGGCCATAGGTATGTCAATCTC
C180,G,G,G,G,G,C,G,A,T,C,G,T,A,A,T,G,T,T,T,C,C,T,C,C,Indica,147.15,GGGGGCGATCGTAATGTTTCCTCC
C181,A,A,G,A,G,C,C,A,T,A,G,G,A,G,T,G,T,T,A,A,C,C,T,T,Japonica,137.9,AAGAGCCATAGGAGTGTTAACCTT
C182,G,G,G,G,G,C,C,A,C,A,G,T,A,A,T,G,T,T,A,C,C,T,T,C,Indica,161.2,GGGGGCCACAGTAATGTTACCTTC
C183,G,G,G,G,G,C,C,A,T,C,G,T,A,A,T,G,T,T,T,C,C,T,C,C,Indica,160.57,GGGGGCCATCGTAATGTTTCCTCC
C184,G,G,G,A,A,C,G,A,C,C,G,T,A,A,T,G,T,T,A,C,C,T,C,C,Indica,156.17,GGGAACGACCGTAATGTTACCTCC
C185,G,A,A,A,G,C,C,A,T,A,G,G,T,A,T,A,C,C,A,A,T,C,T,C,Japonica,145.0,GAAAGCCATAGGTATACCAATCTC
C186,G,A,G,A,G,C,C,A,T,A,G,G,T,A,T,A,C,C,A,A,T,C,T,C,Japonica,180.0,GAGAGCCATAGGTATACCAATCTC
C187,A,A,G,G,G,C,C,A,T,A,G,G,A,G,T,G,T,T,A,C,T,C,T,T,Japonica,144.47,AAGGGCCATAGGAGTGTTACTCTT
C188,A,A,G,G,G,C,C,A,T,A,G,G,A,G,T,G,T,T,A,A,C,C,T,T,Japonica,137.8,AAGGGCCATAGGAGTGTTAACCTT
C189,G,A,G,G,G,C,C,A,T,A,G,G,A,G,A,A,C,C,A,C,T,C,T,T,Japonica,162.36,GAGGGCCATAGGAGAACCACTCTT
C190,G,G,G,G,G,C,G,A,C,C,G,T,A,A,T,G,T,T,T,C,C,T,T,C,Indica,160.9,GGGGGCGACCGTAATGTTTCCTTC
C191,G,G,G,G,A,C,G,A,T,C,G,T,A,A,T,G,T,T,A,C,C,T,T,C,Indica,171.27,GGGGACGATCGTAATGTTACCTTC
C192,G,G,G,G,G,C,C,A,T,C,G,T,A,A,T,G,T,T,T,C,C,T,T,T,Indica,185.07,GGGGGCCATCGTAATGTTTCCTTT
C193,G,G,G,A,A,C,C,A,T,C,G,T,A,A,T,G,T,C,T,C,C,T,C,C,Indica,158.4,GGGAACCATCGTAATGTCTCCTCC
C194,G,G,G,G,A,C,C,A,C,C,G,T,A,A,T,G,T,T,T,C,C,T,T,T,Indica,173.4,GGGGACCACCGTAATGTTTCCTTT
C195,A,A,G,G,G,C,C,A,T,A,G,G,T,A,T,A,T,T,A,A,C,C,T,T,Japonica,171.79,AAGGGCCATAGGTATATTAACCTT
C196,A,G,G,G,G,C,C,A,T,A,G,G,T,A,A,G,T,T,A,C,T,C,T,C,Japonica,193.0,AGGGGCCATAGGTAAGTTACTCTC
C197,G,G,G,G,G,C,C,A,C,C,G,T,A,A,T,G,T,T,A,C,C,T,T,T,Indica,175.77,GGGGGCCACCGTAATGTTACCTTT
C198,G,G,G,G,A,C,C,A,C,C,G,T,A,A,T,G,T,T,T,C,C,T,T,C,Indica,173.77,GGGGACCACCGTAATGTTTCCTTC
C199,G,G,G,G,G,C,G,A,C,C,G,T,A,A,T,G,T,T,T,C,C,T,T,C,Indica,187.53,GGGGGCGACCGTAATGTTTCCTTC
C200,G,G,G,G,A,C,C,A,C,A,G,T,A,A,T,G,T,T,T,C,C,T,T,C,Indica,189.1,GGGGACCACAGTAATGTTTCCTTC
C201,G,G,G,G,A,C,C,A,C,C,G,T,A,A,T,G,T,T,T,C,C,T,T,C,Indica,194.93,GGGGACCACCGTAATGTTTCCTTC
C202,G,G,G,G,G,C,C,A,C,A,G,T,A,A,T,G,T,T,T,C,C,T,C,C,Indica,176.33,GGGGGCCACAGTAATGTTTCCTCC
C203,G,G,G,A,G,C,G,G,T,A,T,T,A,A,T,G,T,T,A,C,C,C,T,T,Indica,77.33,GGGAGCGGTATTAATGTTACCCTT
W001,G,G,G,G,G,C,C,A,C,A,G,T,A,A,T,G,T,T,A,C,C,T,C,C,Indica,146.4,GGGGGCCACAGTAATGTTACCTCC
W002,A,A,G,G,G,C,C,A,T,A,G,T,A,A,A,G,C,C,A,A,C,T,T,C,Japonica,157.4,AAGGGCCATAGTAAAGCCAACTTC
W003,G,A,A,A,G,C,C,A,T,A,G,G,T,A,A,A,C,C,A,A,C,C,T,C,Japonica,140.4,GAAAGCCATAGGTAAACCAACCTC
W004,A,A,G,G,G,C,C,A,T,A,G,T,A,A,A,G,C,C,A,A,C,T,T,C,Japonica,158.2,AAGGGCCATAGTAAAGCCAACTTC
W005,G,G,G,G,G,C,C,A,T,A,G,G,T,A,A,G,C,C,A,A,C,T,T,T,Japonica,133.8,GGGGGCCATAGGTAAGCCAACTTT
W006,G,G,G,G,G,C,C,A,T,A,G,G,T,A,A,G,C,C,A,A,C,T,T,T,Japonica,149.8,GGGGGCCATAGGTAAGCCAACTTT
W007,A,A,G,G,G,C,C,A,T,A,G,G,T,G,A,G,C,C,A,A,C,T,T,C,Japonica,150.8,AAGGGCCATAGGTGAGCCAACTTC
W008,A,A,G,G,G,C,C,A,T,A,G,G,T,A,A,G,C,C,A,A,C,T,T,T,Japonica,147.0,AAGGGCCATAGGTAAGCCAACTTT
W009,G,G,G,G,G,C,C,A,C,C,G,T,A,A,T,G,T,T,T,C,C,T,T,T,Indica,193.8,GGGGGCCACCGTAATGTTTCCTTT
W010,G,A,A,A,G,C,C,A,T,A,G,G,T,G,T,G,C,C,A,A,C,C,T,T,Japonica,135.0,GAAAGCCATAGGTGTGCCAACCTT
W011,A,A,G,A,G,C,C,A,T,A,G,G,T,G,A,A,C,C,A,A,C,C,T,T,Japonica,116.8,AAGAGCCATAGGTGAACCAACCTT
W012,G,A,A,A,G,C,C,A,T,A,G,G,T,G,T,A,C,C,A,A,C,C,T,T,Japonica,100.8,GAAAGCCATAGGTGTACCAACCTT
W013,G,A,A,A,G,C,C,A,T,A,G,G,T,A,T,A,C,C,A,A,C,C,T,T,Japonica,98.6,GAAAGCCATAGGTATACCAACCTT
W014,G,G,G,G,G,C,C,A,C,C,G,G,T,A,T,G,T,C,T,C,C,C,C,T,VI/Aromatic,158.0,GGGGGCCACCGGTATGTCTCCCCT
W015,G,G,G,G,G,C,C,A,C,C,G,T,A,A,T,G,T,C,T,C,C,C,T,C,Aus,157.8,GGGGGCCACCGTAATGTCTCCCTC
W016,G,A,A,A,G,C,C,A,T,A,G,G,T,G,T,A,C,C,A,A,C,C,T,T,Japonica,78.8,GAAAGCCATAGGTGTACCAACCTT
W017,G,G,G,G,G,C,C,A,T,A,G,G,T,G,A,G,C,C,A,A,C,T,T,T,Japonica,126.2,GGGGGCCATAGGTGAGCCAACTTT
W018,G,A,G,A,G,C,C,A,T,A,G,G,T,G,T,A,C,C,A,A,C,C,T,T,Japonica,93.4,GAGAGCCATAGGTGTACCAACCTT
W019,G,G,G,A,G,C,C,A,T,A,G,G,T,G,T,A,C,C,A,A,C,C,T,T,Japonica,124.8,GGGAGCCATAGGTGTACCAACCTT
W020,G,G,G,G,G,C,C,A,C,C,G,G,A,A,T,G,T,C,T,C,C,T,C,C,Aus,136.6,GGGGGCCACCGGAATGTCTCCTCC
W021,G,A,A,A,G,C,C,A,T,A,G,G,T,A,T,A,C,C,A,A,T,C,T,C,Japonica,142.4,GAAAGCCATAGGTATACCAATCTC
W022,A,A,G,G,G,C,C,A,T,A,G,G,T,G,A,G,C,C,A,A,C,T,T,T,Japonica,146.0,AAGGGCCATAGGTGAGCCAACTTT
W023,G,G,G,G,A,C,C,A,C,C,G,G,A,A,T,G,C,T,T,C,C,T,T,T,Indica,165.8,GGGGACCACCGGAATGCTTCCTTT
W024,G,G,G,G,G,C,C,A,T,A,G,G,T,A,A,G,C,C,A,A,C,T,T,T,Japonica,139.8,GGGGGCCATAGGTAAGCCAACTTT
W025,G,G,G,G,G,C,C,A,C,C,G,T,A,A,T,G,T,C,T,C,C,C,T,C,Aus,154.2,GGGGGCCACCGTAATGTCTCCCTC
W026,G,G,G,G,A,C,C,A,C,C,G,G,T,A,T,G,T,T,T,C,C,T,T,C,Indica,160.6,GGGGACCACCGGTATGTTTCCTTC
W027,G,A,A,A,G,C,C,A,T,A,G,G,T,G,T,G,T,T,A,A,C,C,T,T,Japonica,116.8,GAAAGCCATAGGTGTGTTAACCTT
W028,G,G,G,G,G,T,C,A,C,C,G,G,T,A,T,G,T,C,T,C,C,C,T,C,Aus,164.2,GGGGGTCACCGGTATGTCTCCCTC
W029,G,G,G,G,G,C,C,A,T,C,G,T,A,A,T,G,T,T,A,C,C,T,C,C,Indica,147.8,GGGGGCCATCGTAATGTTACCTCC
W030,G,G,G,A,G,C,C,A,C,C,G,G,T,A,T,G,T,C,A,C,C,C,T,T,Indica,172.6,GGGAGCCACCGGTATGTCACCCTT
W031,G,G,G,A,G,C,G,A,C,C,G,T,A,A,T,G,T,T,T,C,C,T,T,C,Indica,159.6,GGGAGCGACCGTAATGTTTCCTTC
W032,G,G,G,A,G,C,G,A,C,C,G,T,A,A,T,G,T,T,T,C,C,T,T,C,Indica,159.6,GGGAGCGACCGTAATGTTTCCTTC
W033,G,G,G,G,A,C,C,A,T,C,G,G,T,A,T,G,T,T,T,C,C,T,T,C,Indica,155.0,GGGGACCATCGGTATGTTTCCTTC
W034,G,G,G,G,G,C,C,A,C,C,G,T,A,A,T,G,T,C,T,C,C,C,T,C,Aus,165.8,GGGGGCCACCGTAATGTCTCCCTC
W035,G,G,G,G,G,C,C,A,C,C,G,T,A,A,T,G,T,T,A,C,C,C,T,C,Indica,196.2,GGGGGCCACCGTAATGTTACCCTC
W036,G,G,G,G,G,C,G,A,C,C,G,G,T,A,T,G,T,T,T,C,C,T,T,C,Indica,157.8,GGGGGCGACCGGTATGTTTCCTTC
W037,G,G,G,G,G,C,C,A,C,C,G,G,T,A,T,G,T,T,T,C,C,C,T,C,Indica,173.8,GGGGGCCACCGGTATGTTTCCCTC
W038,A,A,G,A,G,C,C,A,T,A,G,G,T,G,T,A,C,C,A,C,T,C,T,T,Japonica,138.0,AAGAGCCATAGGTGTACCACTCTT
W039,G,G,G,G,A,C,G,A,C,C,G,T,A,A,T,G,T,T,T,C,C,T,T,C,Indica,152.0,GGGGACGACCGTAATGTTTCCTTC
W040,G,G,G,A,G,C,G,G,T,A,T,T,A,A,T,G,T,T,A,C,C,T,T,T,Indica,108.4,GGGAGCGGTATTAATGTTACCTTT
W041,G,A,G,G,G,C,C,A,T,A,G,G,T,A,A,G,C,C,A,A,C,C,T,T,Japonica,169.4,GAGGGCCATAGGTAAGCCAACCTT
W042,G,G,G,G,G,C,C,A,C,C,G,T,A,A,T,A,C,C,T,C,C,C,T,C,Indica,185.4,GGGGGCCACCGTAATACCTCCCTC
W043,G,G,G,A,G,C,G,G,T,A,T,T,A,A,T,G,T,T,A,C,C,T,T,T,Indica,105.4,GGGAGCGGTATTAATGTTACCTTT
W044,G,G,G,G,G,C,G,G,T,A,T,G,A,A,T,G,T,T,A,C,C,T,T,T,Indica,98.8,GGGGGCGGTATGAATGTTACCTTT
W045,G,A,G,G,G,C,C,A,T,A,G,G,T,G,T,A,C,T,A,A,C,C,T,T,Japonica,98.0,GAGGGCCATAGGTGTACTAACCTT
W046,G,G,G,G,G,C,G,G,T,A,T,T,A,A,T,G,T,T,A,C,C,T,T,T,Indica,96.0,GGGGGCGGTATTAATGTTACCTTT
W047,G,A,G,G,G,C,C,A,C,C,G,T,A,A,T,G,T,T,A,A,C,C,C,T,Japonica,203.2,GAGGGCCACCGTAATGTTAACCCT
W048,G,G,G,G,G,C,C,A,C,C,G,G,A,A,T,G,T,C,T,C,C,C,C,C,Aus,190.2,GGGGGCCACCGGAATGTCTCCCCC
W049,G,G,G,G,G,C,C,A,C,C,G,G,A,A,T,G,T,C,A,C,C,C,T,C,Aus,163.8,GGGGGCCACCGGAATGTCACCCTC
W050,G,G,G,G,G,C,C,A,T,A,G,G,A,G,T,G,T,T,A,A,C,C,C,C,VI/Aromatic,174.8,GGGGGCCATAGGAGTGTTAACCCC
W051,G,G,G,A,G,C,G,G,T,A,T,G,T,A,T,G,T,T,A,C,C,T,T,T,Indica,107.4,GGGAGCGGTATGTATGTTACCTTT
W052,G,A,A,A,G,C,C,A,T,A,G,G,T,G,T,G,T,T,A,A,C,C,T,T,Japonica,98.6,GAAAGCCATAGGTGTGTTAACCTT
W053,G,G,G,G,G,C,C,A,T,A,G,G,T,A,A,G,C,C,A,A,C,T,T,T,Japonica,152.6,GGGGGCCATAGGTAAGCCAACTTT
W054,G,G,G,A,G,C,C,A,C,C,G,T,A,A,T,G,T,T,T,C,C,T,T,T,Indica,190.2,GGGAGCCACCGTAATGTTTCCTTT
W055,G,G,G,G,G,C,G,A,T,A,G,G,T,A,A,G,T,T,A,C,C,C,T,T,Intermediate,171.4,GGGGGCGATAGGTAAGTTACCCTT
W056,G,A,G,A,G,C,C,A,T,A,G,G,T,G,A,G,T,T,A,A,C,C,T,T,Japonica,129.0,GAGAGCCATAGGTGAGTTAACCTT
W057,G,G,G,G,G,C,C,A,T,A,G,G,T,A,A,G,C,C,A,A,C,T,T,T,Japonica,182.2,GGGGGCCATAGGTAAGCCAACTTT
W058,G,G,G,G,A,C,G,A,T,C,G,T,A,A,T,G,T,T,A,C,C,T,T,T,Indica,150.6,GGGGACGATCGTAATGTTACCTTT
W059,G,A,G,A,G,C,C,A,T,A,G,G,T,G,T,G,T,T,A,A,C,C,T,T,Japonica,115.8,GAGAGCCATAGGTGTGTTAACCTT
W060,G,A,A,A,G,C,C,A,T,A,G,G,T,G,A,A,C,C,A,A,C,C,T,T,Japonica,119.4,GAAAGCCATAGGTGAACCAACCTT
W061,G,A,A,A,G,C,C,A,T,A,G,G,T,G,T,G,C,C,A,A,C,C,T,T,Japonica,121.8,GAAAGCCATAGGTGTGCCAACCTT
W062,G,A,G,G,G,C,C,A,T,A,G,G,T,A,T,G,C,C,A,A,C,C,T,T,Japonica,153.4,GAGGGCCATAGGTATGCCAACCTT
W063,G,A,A,A,G,C,C,A,T,A,G,G,T,G,T,G,C,C,A,A,C,C,T,T,Japonica,114.2,GAAAGCCATAGGTGTGCCAACCTT
W064,G,A,G,A,G,C,C,A,T,A,G,G,T,G,T,A,C,C,A,A,C,C,T,T,Japonica,106.2,GAGAGCCATAGGTGTACCAACCTT
W065,G,G,G,G,G,C,C,A,T,A,G,G,T,A,A,G,C,C,A,A,C,T,T,T,Japonica,149.4,GGGGGCCATAGGTAAGCCAACTTT
W066,G,G,G,G,G,C,C,A,C,C,G,G,T,A,T,G,T,C,T,C,C,T,T,T,Indica,102.2,GGGGGCCACCGGTATGTCTCCTTT
W067,A,A,G,G,G,C,C,A,T,A,G,G,A,G,A,G,C,C,A,C,T,T,T,T,Japonica,152.6,AAGGGCCATAGGAGAGCCACTTTT
W068,G,A,G,G,G,C,C,A,T,A,G,T,T,G,T,G,T,T,A,A,C,C,T,T,Japonica,139.8,GAGGGCCATAGTTGTGTTAACCTT
W069,G,G,G,G,G,C,C,A,C,C,G,G,T,A,T,G,T,C,T,C,C,C,T,C,Aus,146.4,GGGGGCCACCGGTATGTCTCCCTC
W070,G,A,G,A,G,C,G,A,T,C,G,G,T,A,T,G,T,T,A,C,C,C,T,T,Indica,160.4,GAGAGCGATCGGTATGTTACCCTT
W071,G,G,G,A,G,C,G,A,C,C,G,G,T,G,T,G,T,T,A,C,C,T,T,T,Indica,104.6,GGGAGCGACCGGTGTGTTACCTTT
W072,G,G,G,G,G,C,C,A,C,C,G,T,A,A,T,G,T,C,T,C,C,C,T,C,Aus,154.0,GGGGGCCACCGTAATGTCTCCCTC
W073,G,G,G,A,G,C,G,G,T,A,T,T,A,A,T,G,T,T,A,C,C,T,T,C,Indica,98.8,GGGAGCGGTATTAATGTTACCTTC
W074,G,G,G,G,G,C,C,A,C,C,G,T,A,A,T,A,C,T,A,C,C,T,T,C,Indica,162.2,GGGGGCCACCGTAATACTACCTTC
W075,G,G,G,G,A,C,C,A,C,C,G,T,A,A,T,G,T,T,A,C,C,C,T,C,Indica,186.2,GGGGACCACCGTAATGTTACCCTC
W076,G,G,G,G,G,C,C,A,C,C,G,G,T,A,T,G,T,C,T,C,C,C,T,C,Aus,155.0,GGGGGCCACCGGTATGTCTCCCTC
W077,G,G,G,G,G,C,C,A,C,C,G,T,A,A,T,G,T,C,T,C,C,C,C,C,VI/Aromatic,182.4,GGGGGCCACCGTAATGTCTCCCCC
W078,G,G,G,G,A,C,G,G,T,A,T,G,T,A,T,G,T,T,A,C,C,T,C,T,Indica,96.8,GGGGACGGTATGTATGTTACCTCT
W079,G,G,G,G,G,C,C,A,C,C,G,G,T,A,T,G,C,T,T,C,C,T,C,T,Intermediate,147.6,GGGGGCCACCGGTATGCTTCCTCT
W080,G,G,G,G,A,C,C,A,C,A,G,T,A,A,T,G,T,T,A,C,C,T,T,T,Indica,141.4,GGGGACCACAGTAATGTTACCTTT
W081,G,G,G,G,G,C,C,A,C,C,G,G,T,G,T,A,C,C,A,C,C,C,C,C,VI/Aromatic,130.2,GGGGGCCACCGGTGTACCACCCCC
W082,G,A,G,A,G,C,C,A,T,A,G,G,A,G,T,G,T,T,A,A,C,C,T,C,Japonica,125.0,GAGAGCCATAGGAGTGTTAACCTC
W083,G,G,G,A,G,C,G,G,T,A,T,G,A,A,T,G,T,C,A,C,C,T,T,T,Indica,116.4,GGGAGCGGTATGAATGTCACCTTT
W084,G,G,G,A,G,C,G,G,T,A,T,T,A,A,T,G,T,T,T,C,C,T,T,C,Indica,114.4,GGGAGCGGTATTAATGTTTCCTTC
W085,G,G,G,A,G,C,G,G,T,A,T,G,T,A,T,G,T,T,A,C,C,T,T,C,Indica,118.6,GGGAGCGGTATGTATGTTACCTTC
W086,G,G,G,G,G,C,G,G,T,A,T,G,T,A,T,G,T,T,A,C,C,T,T,T,Indica,103.4,GGGGGCGGTATGTATGTTACCTTT
W087,G,G,A,A,G,C,G,A,T,C,G,G,T,A,T,G,T,T,A,A,C,T,T,T,Indica,77.2,GGAAGCGATCGGTATGTTAACTTT
W088,G,A,A,A,G,C,C,A,T,A,G,G,T,G,T,A,C,C,A,A,C,C,T,T,Japonica,70.6,GAAAGCCATAGGTGTACCAACCTT
W089,G,G,G,G,G,C,C,A,C,C,G,G,T,A,T,G,T,C,T,C,C,T,T,T,Indica,136.4,GGGGGCCACCGGTATGTCTCCTTT
W090,G,G,G,G,G,C,C,A,C,C,G,G,A,A,T,G,T,C,T,C,C,C,T,C,Aus,137.4,GGGGGCCACCGGAATGTCTCCCTC
W091,G,G,G,G,G,C,C,A,C,C,G,G,A,A,T,G,T,C,T,C,C,C,C,C,Aus,148.2,GGGGGCCACCGGAATGTCTCCCCC
W092,G,G,G,G,G,C,C,A,C,C,G,G,A,A,T,G,T,C,T,C,C,C,T,C,Aus,144.8,GGGGGCCACCGGAATGTCTCCCTC
W093,G,G,G,G,G,C,C,A,C,C,G,G,T,A,T,G,T,C,T,C,C,T,T,T,Indica,133.0,GGGGGCCACCGGTATGTCTCCTTT
W094,G,G,G,G,G,C,C,A,C,C,G,G,T,A,T,G,T,C,T,C,C,C,T,C,Aus,141.8,GGGGGCCACCGGTATGTCTCCCTC
W095,G,G,G,G,G,C,C,A,C,C,G,G,T,A,T,G,T,C,T,C,C,C,C,C,Aus,165.8,GGGGGCCACCGGTATGTCTCCCCC
W096,G,G,G,G,G,C,C,A,C,C,G,G,A,A,T,G,T,C,T,C,C,C,T,C,Aus,165.2,GGGGGCCACCGGAATGTCTCCCTC
W097,G,A,G,A,G,C,C,A,T,C,G,G,T,A,T,G,T,C,A,C,C,C,T,C,Intermediate,137.0,GAGAGCCATCGGTATGTCACCCTC
W098,G,G,G,G,G,C,C,A,C,C,G,G,A,A,T,G,T,T,T,C,C,C,T,C,Aus,158.8,GGGGGCCACCGGAATGTTTCCCTC
W099,G,G,G,G,G,C,C,A,C,C,G,G,A,A,T,G,T,C,T,C,C,C,T,C,Aus,149.0,GGGGGCCACCGGAATGTCTCCCTC
W100,G,G,G,G,G,C,C,A,C,C,G,G,A,A,T,G,T,T,T,C,C,C,T,C,Aus,177.2,GGGGGCCACCGGAATGTTTCCCTC
W101,G,G,G,A,A,C,G,A,T,C,G,T,A,A,T,G,T,C,A,C,C,T,T,C,Indica,149.8,GGGAACGATCGTAATGTCACCTTC
W102,A,G,G,G,G,C,C,A,T,A,G,G,T,A,A,G,C,C,A,A,C,C,T,C,Japonica,182.6,AGGGGCCATAGGTAAGCCAACCTC
W103,G,G,G,G,G,C,C,A,C,C,G,T,A,A,T,G,T,C,T,C,C,C,T,C,Aus,111.4,GGGGGCCACCGTAATGTCTCCCTC
W104,G,G,G,G,G,C,C,A,C,C,G,G,T,A,T,G,T,C,T,C,C,C,T,C,Aus,145.4,GGGGGCCACCGGTATGTCTCCCTC
W105,G,G,G,G,G,C,C,A,C,C,G,T,A,A,T,G,T,C,A,C,C,C,T,C,Aus,156.6,GGGGGCCACCGTAATGTCACCCTC
W106,G,G,G,G,G,C,C,A,C,C,G,G,A,A,T,G,T,C,T,C,C,C,T,T,Aus,169.4,GGGGGCCACCGGAATGTCTCCCTT
W107,G,G,G,G,G,C,C,A,T,C,G,G,T,A,T,G,T,T,T,C,C,T,T,C,Indica,163.2,GGGGGCCATCGGTATGTTTCCTTC
W108,G,G,G,G,G,C,C,A,C,C,G,G,A,A,T,G,T,T,T,C,C,C,T,C,Aus,161.2,GGGGGCCACCGGAATGTTTCCCTC
W109,G,A,A,A,G,C,C,A,T,A,G,G,A,G,T,G,T,T,A,A,C,C,T,T,Japonica,99.4,GAAAGCCATAGGAGTGTTAACCTT
W110,G,G,G,G,G,C,C,A,T,A,G,T,A,G,A,G,C,C,A,A,C,T,T,C,Japonica,154.4,GGGGGCCATAGTAGAGCCAACTTC
W111,G,G,G,G,G,C,C,A,C,C,G,T,A,A,T,G,T,T,T,C,C,T,T,T,Indica,203.6,GGGGGCCACCGTAATGTTTCCTTT
W112,G,G,G,A,A,C,C,G,T,C,G,T,A,A,T,G,T,T,T,C,C,C,T,T,Indica,167.2,GGGAACCGTCGTAATGTTTCCCTT
W113,G,G,G,G,G,C,C,A,T,A,G,G,T,A,A,G,C,C,A,A,C,T,T,T,Japonica,141.0,GGGGGCCATAGGTAAGCCAACTTT
W114,G,G,G,G,G,C,C,A,C,C,G,G,T,A,T,G,T,T,A,C,C,T,T,C,Indica,181.4,GGGGGCCACCGGTATGTTACCTTC
W115,G,G,G,G,G,C,C,A,C,C,G,G,T,A,T,G,T,C,T,C,C,C,T,C,Aus,153.4,GGGGGCCACCGGTATGTCTCCCTC
W116,A,A,G,G,G,C,C,A,T,A,G,T,A,A,A,G,C,C,A,A,C,C,T,T,Japonica,175.4,AAGGGCCATAGTAAAGCCAACCTT
W117,G,A,A,A,G,C,C,A,T,A,G,G,T,G,T,A,C,C,A,A,C,C,T,T,Japonica,98.6,GAAAGCCATAGGTGTACCAACCTT
W118,G,A,G,G,G,C,G,G,T,A,T,G,T,G,T,G,C,C,A,A,C,T,T,T,Japonica,84.2,GAGGGCGGTATGTGTGCCAACTTT
W119,A,A,A,A,G,C,C,A,T,A,G,G,T,G,A,G,C,C,A,A,C,T,T,T,Japonica,95.4,AAAAGCCATAGGTGAGCCAACTTT
W120,G,A,A,A,G,C,C,A,T,A,G,G,T,G,T,G,T,T,A,A,C,T,T,T,Japonica,109.6,GAAAGCCATAGGTGTGTTAACTTT
W121,G,G,G,G,G,C,C,A,C,C,G,T,T,A,T,G,T,C,T,C,C,C,T,C,Aus,177.6,GGGGGCCACCGTTATGTCTCCCTC
W122,A,A,G,G,G,C,C,A,T,A,G,G,T,A,T,A,C,C,A,A,T,C,T,C,Japonica,169.8,AAGGGCCATAGGTATACCAATCTC
W123,G,A,G,G,G,C,C,A,T,A,G,G,T,A,A,G,C,C,A,A,C,T,T,T,Japonica,140.8,GAGGGCCATAGGTAAGCCAACTTT
W124,G,G,G,A,G,C,G,A,C,C,G,G,T,A,T,G,T,T,T,C,C,T,T,C,Indica,134.0,GGGAGCGACCGGTATGTTTCCTTC
W125,G,A,A,A,G,C,C,A,T,A,G,G,T,G,T,A,C,C,T,C,T,C,T,T,Intermediate,152.0,GAAAGCCATAGGTGTACCTCTCTT
W126,G,G,G,G,G,C,C,A,C,A,G,T,A,A,T,G,T,T,T,C,C,T,T,C,Indica,157.6,GGGGGCCACAGTAATGTTTCCTTC
W127,G,A,G,A,G,C,C,A,T,A,G,G,T,G,T,A,C,C,A,A,C,C,T,C,Japonica,142.6,GAGAGCCATAGGTGTACCAACCTC
W128,G,A,A,A,G,C,C,A,C,A,G,G,T,A,A,G,C,C,T,A,C,C,T,T,Intermediate,149.8,GAAAGCCACAGGTAAGCCTACCTT
W129,G,G,G,G,G,C,C,A,C,C,G,T,A,G,T,A,C,C,A,C,C,C,T,C,VI/Aromatic,151.2,GGGGGCCACCGTAGTACCACCCTC
W130,G,A,A,A,G,C,C,A,T,A,G,G,T,G,T,A,C,C,A,A,C,C,T,T,Japonica,92.6,GAAAGCCATAGGTGTACCAACCTT
W131,G,G,G,G,G,C,C,A,C,C,G,G,T,A,T,G,T,C,T,C,C,C,T,C,Aus,161.0,GGGGGCCACCGGTATGTCTCCCTC
W132,G,G,G,A,A,C,G,A,T,C,G,T,A,A,T,G,T,T,T,C,C,T,C,C,Indica,156.0,GGGAACGATCGTAATGTTTCCTCC
W133,G,G,G,A,A,C,C,A,T,C,G,T,A,A,T,G,T,T,A,C,C,T,T,C,Indica,157.8,GGGAACCATCGTAATGTTACCTTC
W134,G,G,G,G,G,C,C,A,C,C,G,G,A,A,T,G,T,C,A,C,C,C,T,C,Aus,150.0,GGGGGCCACCGGAATGTCACCCTC
W135,G,G,G,A,A,C,C,A,T,C,G,T,A,A,T,G,T,T,A,C,C,C,T,C,Indica,172.8,GGGAACCATCGTAATGTTACCCTC
W136,G,G,G,G,G,C,C,A,C,C,G,T,A,A,T,G,T,C,T,C,C,C,C,C,VI/Aromatic,188.6,GGGGGCCACCGTAATGTCTCCCCC
W137,G,G,G,G,G,C,G,A,C,C,G,T,A,A,T,G,T,T,A,C,C,C,T,C,Indica,125.6,GGGGGCGACCGTAATGTTACCCTC
W138,G,G,G,G,G,C,G,A,T,C,G,T,A,A,T,G,T,T,A,C,C,T,T,T,Indica,102.0,GGGGGCGATCGTAATGTTACCTTT
W139,G,A,G,A,G,C,C,A,T,A,G,G,T,G,T,A,C,C,A,A,C,C,T,T,Japonica,96.4,GAGAGCCATAGGTGTACCAACCTT
W140,G,G,G,G,G,C,C,A,C,C,G,T,A,A,T,G,T,C,T,C,C,C,T,T,Aus,145.8,GGGGGCCACCGTAATGTCTCCCTT
W141,G,G,G,G,G,C,C,A,C,C,G,T,A,A,T,G,T,C,T,C,C,C,T,C,Aus,151.6,GGGGGCCACCGTAATGTCTCCCTC
W142,G,G,G,G,G,C,C,A,C,C,G,G,T,A,T,G,T,C,T,C,C,C,T,C,Aus,149.4,GGGGGCCACCGGTATGTCTCCCTC
W143,A,A,G,G,G,C,C,A,T,A,G,T,A,G,A,G,C,C,A,C,T,C,C,C,Japonica,196.8,AAGGGCCATAGTAGAGCCACTCCC
W144,G,G,G,G,G,C,G,A,C,C,G,T,A,A,T,G,T,T,A,C,C,T,T,C,Indica,168.4,GGGGGCGACCGTAATGTTACCTTC
W145,G,G,G,A,G,C,C,A,C,C,G,T,A,A,T,G,T,T,A,C,C,C,T,T,Indica,177.4,GGGAGCCACCGTAATGTTACCCTT
W146,G,G,G,A,G,C,G,A,C,A,G,G,T,A,T,G,T,T,A,C,C,T,T,T,Indica,127.4,GGGAGCGACAGGTATGTTACCTTT
W147,G,G,G,A,G,C,G,G,T,A,T,G,T,A,T,G,T,T,T,C,C,T,T,T,Indica,117.6,GGGAGCGGTATGTATGTTTCCTTT
W148,G,G,G,A,A,C,G,A,T,C,G,T,A,A,T,G,T,T,T,C,C,T,T,T,Indica,168.4,GGGAACGATCGTAATGTTTCCTTT
W149,G,G,G,A,G,C,C,G,T,A,T,T,A,A,T,G,T,T,A,C,C,T,T,T,Indica,112.6,GGGAGCCGTATTAATGTTACCTTT
W150,G,G,G,A,G,C,G,G,T,A,G,T,A,A,T,G,T,T,A,C,C,T,T,T,Indica,104.6,GGGAGCGGTAGTAATGTTACCTTT
W151,G,G,G,A,G,C,G,G,T,A,T,T,A,A,T,G,T,T,A,C,C,T,T,T,Indica,98.0,GGGAGCGGTATTAATGTTACCTTT
W152,G,G,G,A,G,C,G,G,T,A,T,T,A,A,T,G,C,T,A,C,C,T,T,T,Indica,110.0,GGGAGCGGTATTAATGCTACCTTT
W153,G,A,G,A,G,C,G,G,T,A,T,G,T,A,T,G,T,T,A,C,C,T,T,T,Indica,103.8,GAGAGCGGTATGTATGTTACCTTT
W154,G,G,G,A,G,C,G,G,T,A,T,G,A,A,T,G,T,T,T,C,C,T,T,T,Indica,102.4,GGGAGCGGTATGAATGTTTCCTTT
W155,G,G,A,A,G,C,G,G,T,A,G,G,T,A,T,G,T,T,T,A,C,T,T,T,Indica,98.4,GGAAGCGGTAGGTATGTTTACTTT
W156,G,G,G,A,G,C,G,A,T,C,G,T,A,A,T,G,T,T,A,A,C,T,T,T,Indica,99.2,GGGAGCGATCGTAATGTTAACTTT
W157,G,G,G,A,G,C,C,A,T,A,G,G,A,A,T,G,T,T,A,C,C,T,T,T,Indica,95.2,GGGAGCCATAGGAATGTTACCTTT
W158,G,A,A,A,G,C,C,G,T,A,T,G,T,A,T,G,T,T,A,A,C,C,T,T,Intermediate,107.2,GAAAGCCGTATGTATGTTAACCTT
W159,G,G,G,A,G,C,G,G,T,A,G,G,T,A,T,A,C,C,A,C,C,T,T,T,Indica,95.2,GGGAGCGGTAGGTATACCACCTTT
W160,G,A,A,A,G,C,C,A,T,A,G,G,A,G,T,G,T,T,A,A,C,C,T,T,Japonica,96.0,GAAAGCCATAGGAGTGTTAACCTT
W161,G,G,G,A,G,C,G,G,T,A,G,G,T,A,T,G,T,T,A,C,C,T,T,T,Indica,102.0,GGGAGCGGTAGGTATGTTACCTTT
W162,G,A,A,A,G,C,C,A,T,A,G,G,A,G,T,A,C,C,A,A,C,C,T,T,Japonica,98.4,GAAAGCCATAGGAGTACCAACCTT
W163,G,G,G,A,G,C,C,G,T,A,G,T,T,A,T,G,T,T,A,C,C,T,T,T,Indica,91.4,GGGAGCCGTAGTTATGTTACCTTT
W164,G,G,G,A,G,C,G,A,T,C,G,T,A,A,T,G,T,T,A,C,C,T,T,T,Indica,88.6,GGGAGCGATCGTAATGTTACCTTT
W165,G,G,G,G,G,C,C,G,T,A,T,G,A,A,T,G,T,T,A,C,C,T,T,T,Indica,103.8,GGGGGCCGTATGAATGTTACCTTT
W166,G,G,G,A,G,C,G,G,T,A,T,G,T,A,T,G,T,T,A,C,C,T,T,T,Indica,137.8,GGGAGCGGTATGTATGTTACCTTT
W167,G,G,G,A,G,C,G,G,T,A,T,G,T,A,T,G,T,T,A,C,C,T,T,T,Indica,135.2,GGGAGCGGTATGTATGTTACCTTT
W168,G,G,G,A,G,C,G,G,T,A,T,G,T,A,T,G,T,T,A,C,C,T,T,T,Indica,101.4,GGGAGCGGTATGTATGTTACCTTT
W169,G,G,G,G,G,C,G,G,T,A,T,T,A,A,T,G,T,T,A,C,C,T,T,T,Indica,93.6,GGGGGCGGTATTAATGTTACCTTT
W170,G,G,G,A,G,C,G,G,T,A,T,T,A,A,T,G,T,T,A,C,C,T,T,T,Indica,90.6,GGGAGCGGTATTAATGTTACCTTT
W171,G,G,G,A,G,C,G,G,T,A,T,G,T,A,T,G,T,T,A,C,C,C,T,T,Indica,96.8,GGGAGCGGTATGTATGTTACCCTT
W172,G,G,G,A,G,C,G,G,T,A,T,G,A,A,T,G,T,T,T,C,C,T,T,T,Indica,100.2,GGGAGCGGTATGAATGTTTCCTTT
W173,A,G,G,A,G,C,C,A,T,A,G,G,A,A,T,A,C,C,A,C,C,C,T,T,Japonica,121.6,AGGAGCCATAGGAATACCACCCTT
W174,G,G,G,A,G,C,G,G,T,A,T,T,A,A,T,G,T,T,A,C,C,T,T,T,Indica,84.0,GGGAGCGGTATTAATGTTACCTTT
W175,G,G,G,G,G,C,G,A,T,A,G,T,A,A,T,G,T,T,A,A,C,C,T,T,Intermediate,101.0,GGGGGCGATAGTAATGTTAACCTT
W176,G,G,G,A,G,C,G,G,T,A,T,G,T,A,T,G,T,T,A,C,C,T,T,T,Indica,101.4,GGGAGCGGTATGTATGTTACCTTT
W177,G,G,G,A,G,C,G,G,T,A,T,G,T,A,T,G,T,T,A,C,C,T,T,T,Indica,100.0,GGGAGCGGTATGTATGTTACCTTT
W178,G,G,G,G,G,C,C,A,C,C,G,G,T,A,T,G,T,T,A,C,C,T,T,T,Indica,97.8,GGGGGCCACCGGTATGTTACCTTT
W179,G,G,G,A,G,C,G,G,T,A,T,T,A,A,T,G,T,T,A,C,C,T,T,T,Indica,93.8,GGGAGCGGTATTAATGTTACCTTT
W180,G,G,G,A,G,C,G,G,T,A,T,T,A,A,T,G,T,T,A,C,C,T,T,T,Indica,108.0,GGGAGCGGTATTAATGTTACCTTT
W181,G,G,G,A,G,C,G,G,T,A,T,T,A,G,T,G,T,T,T,C,C,T,T,T,Indica,105.8,GGGAGCGGTATTAGTGTTTCCTTT
W182,G,G,G,A,G,C,G,G,T,A,T,G,T,A,T,G,T,T,A,C,C,T,T,T,Indica,101.2,GGGAGCGGTATGTATGTTACCTTT
W183,G,G,G,A,G,C,G,G,T,A,T,T,A,A,T,G,T,T,A,C,C,T,T,T,Indica,96.6,GGGAGCGGTATTAATGTTACCTTT
W184,G,G,G,A,G,C,G,G,T,A,T,G,T,A,T,G,T,T,A,C,C,T,T,T,Indica,98.0,GGGAGCGGTATGTATGTTACCTTT
W185,G,G,G,G,G,C,G,G,T,A,T,T,A,A,T,G,T,T,A,C,C,T,T,T,Indica,95.6,GGGGGCGGTATTAATGTTACCTTT
W186,G,G,G,A,G,C,C,G,T,A,T,G,T,A,T,G,T,T,A,C,C,T,T,T,Indica,98.2,GGGAGCCGTATGTATGTTACCTTT
W187,G,G,G,G,G,C,C,G,T,A,T,G,A,A,T,G,T,T,A,C,C,T,T,T,Indica,105.2,GGGGGCCGTATGAATGTTACCTTT
W188,A,G,G,A,G,C,G,G,T,A,T,G,T,A,T,G,T,T,A,C,C,T,T,C,Indica,102.0,AGGAGCGGTATGTATGTTACCTTC
W189,G,G,G,G,G,C,G,G,T,A,G,T,A,A,T,G,T,T,A,C,C,T,T,T,Indica,114.2,GGGGGCGGTAGTAATGTTACCTTT
W191,G,G,G,G,G,C,C,G,T,A,T,G,A,A,T,G,T,T,T,C,C,T,T,C,Intermediate,121.0,GGGGGCCGTATGAATGTTTCCTTC
W192,G,G,G,G,G,C,C,G,T,A,T,G,A,A,T,G,T,T,T,C,C,T,T,C,Intermediate,121.2,GGGGGCCGTATGAATGTTTCCTTC
W193,G,A,A,A,G,C,C,A,T,A,G,G,T,G,A,G,C,C,A,A,C,C,T,T,Japonica,121.4,GAAAGCCATAGGTGAGCCAACCTT
W194,G,G,G,A,G,C,G,A,T,C,G,G,T,A,T,G,T,T,T,C,C,T,T,T,Indica,108.8,GGGAGCGATCGGTATGTTTCCTTT
W195,G,G,G,A,G,C,G,G,T,A,T,G,T,A,T,G,T,T,A,C,C,T,T,T,Indica,123.8,GGGAGCGGTATGTATGTTACCTTT
W197,G,G,G,A,G,C,G,G,T,A,T,G,A,A,T,G,T,T,A,C,C,T,T,T,Indica,112.8,GGGAGCGGTATGAATGTTACCTTT
W198,G,G,G,G,A,C,G,A,C,A,G,T,A,A,T,G,T,T,A,C,C,T,T,C,Indica,180.0,GGGGACGACAGTAATGTTACCTTC
W199,G,G,G,A,G,C,G,G,T,A,T,T,A,A,T,G,T,T,A,C,C,T,T,C,Indica,125.2,GGGAGCGGTATTAATGTTACCTTC
W200,G,G,G,A,A,C,G,G,T,A,T,T,A,A,T,G,T,T,A,C,C,T,T,T,Indica,115.4,GGGAACGGTATTAATGTTACCTTT
W201,G,G,G,A,G,C,G,G,T,A,T,G,A,A,T,G,T,T,A,C,C,T,T,T,Indica,108.2,GGGAGCGGTATGAATGTTACCTTT
W202,G,G,G,A,G,C,G,G,T,A,G,G,T,A,T,G,T,T,A,C,C,T,T,T,Indica,112.0,GGGAGCGGTAGGTATGTTACCTTT
W203,G,G,G,G,G,C,C,A,C,C,G,T,A,A,T,G,T,T,T,C,C,T,T,T,Indica,185.6,GGGGGCCACCGTAATGTTTCCTTT
W204,G,G,G,G,A,C,C,A,C,C,G,T,A,A,T,G,T,T,A,C,C,T,T,T,Indica,154.2,GGGGACCACCGTAATGTTACCTTT
W205,G,G,G,G,A,C,C,A,C,C,G,T,A,A,T,G,T,T,A,C,C,T,T,T,Indica,161.8,GGGGACCACCGTAATGTTACCTTT
W206,G,G,G,A,G,C,G,G,T,A,T,T,A,A,T,G,T,T,A,C,C,T,T,C,Indica,112.0,GGGAGCGGTATTAATGTTACCTTC
W207,G,A,A,A,G,C,C,A,T,A,G,G,T,G,T,G,T,T,A,C,T,C,T,T,Japonica,114.6,GAAAGCCATAGGTGTGTTACTCTT
W208,G,G,G,G,G,C,C,G,T,A,T,G,T,A,A,G,T,T,A,A,C,T,T,T,Japonica,119.6,GGGGGCCGTATGTAAGTTAACTTT
W209,G,A,A,A,G,C,C,A,T,A,G,G,T,G,T,G,T,T,A,A,C,C,T,T,Japonica,142.4,GAAAGCCATAGGTGTGTTAACCTT
W210,G,G,G,G,A,C,C,A,C,A,G,T,A,A,T,G,T,T,A,C,C,T,C,T,Indica,166.4,GGGGACCACAGTAATGTTACCTCT
W211,G,G,G,A,G,C,G,G,T,A,T,G,T,A,T,G,T,T,A,C,C,T,T,T,Indica,97.0,GGGAGCGGTATGTATGTTACCTTT
W212,G,G,G,G,A,C,C,A,C,A,G,T,A,A,T,G,T,T,A,C,C,T,T,C,Indica,159.6,GGGGACCACAGTAATGTTACCTTC
W213,G,G,G,A,G,C,G,A,T,A,G,G,T,A,T,G,T,T,A,C,C,T,T,T,Indica,137.4,GGGAGCGATAGGTATGTTACCTTT
W214,G,G,G,G,G,C,C,A,C,C,G,G,A,A,T,G,T,C,T,C,C,C,T,C,Aus,153.8,GGGGGCCACCGGAATGTCTCCCTC
W215,G,G,G,G,G,C,C,A,C,C,G,T,A,A,T,G,T,C,T,C,C,C,T,C,Aus,154.4,GGGGGCCACCGTAATGTCTCCCTC
W216,G,G,G,A,G,C,G,G,T,A,T,G,T,A,T,G,T,T,A,C,C,T,T,T,Indica,113.8,GGGAGCGGTATGTATGTTACCTTT
W217,G,G,G,G,G,C,C,A,T,A,G,G,A,A,T,G,C,T,A,C,C,T,T,T,Indica,133.8,GGGGGCCATAGGAATGCTACCTTT
W218,G,G,G,G,G,C,C,A,T,A,G,G,T,A,T,G,C,T,A,C,C,T,T,T,Indica,133.6,GGGGGCCATAGGTATGCTACCTTT
W219,G,G,G,G,G,C,C,A,C,C,G,G,T,G,T,G,C,C,T,C,C,C,C,C,VI/Aromatic,161.0,GGGGGCCACCGGTGTGCCTCCCCC
W220,G,G,G,G,G,C,C,A,C,C,G,T,A,A,T,G,T,C,T,C,C,C,C,C,VI/Aromatic,172.0,GGGGGCCACCGTAATGTCTCCCCC
W221,G,G,G,A,G,C,C,A,C,C,G,G,A,A,T,G,T,T,A,C,C,T,T,T,Indica,112.4,GGGAGCCACCGGAATGTTACCTTT
W222,G,G,G,A,G,C,G,G,T,A,T,T,A,A,T,G,T,T,A,C,C,T,T,T,Indica,115.6,GGGAGCGGTATTAATGTTACCTTT
W223,G,G,G,A,G,C,G,G,T,A,T,T,A,A,T,G,T,T,A,C,C,T,C,T,Indica,103.6,GGGAGCGGTATTAATGTTACCTCT
W224,G,G,G,A,G,C,G,G,T,A,T,T,A,A,T,G,T,T,A,C,C,T,T,T,Indica,116.0,GGGAGCGGTATTAATGTTACCTTT
W225,G,A,G,G,G,C,G,G,T,A,T,G,A,A,T,G,C,C,A,A,C,T,T,T,Japonica,90.2,GAGGGCGGTATGAATGCCAACTTT
W226,G,A,A,A,G,C,C,A,T,A,G,G,T,G,T,G,C,C,A,A,C,T,T,T,Japonica,93.2,GAAAGCCATAGGTGTGCCAACTTT
W227,G,G,G,A,G,C,G,G,T,A,T,G,T,A,T,G,T,T,A,C,C,T,T,T,Indica,106.6,GGGAGCGGTATGTATGTTACCTTT
W228,G,G,G,A,G,C,G,G,T,A,T,T,A,A,T,G,T,T,A,C,C,T,T,T,Indica,115.0,GGGAGCGGTATTAATGTTACCTTT
W229,G,G,G,A,G,C,G,G,T,A,T,T,A,A,T,G,T,T,A,C,C,T,T,T,Indica,119.4,GGGAGCGGTATTAATGTTACCTTT
W231,G,G,G,A,G,C,G,G,T,A,T,G,T,G,T,G,T,T,A,C,C,T,T,T,Indica,117.0,GGGAGCGGTATGTGTGTTACCTTT
W233,G,G,G,A,G,C,C,G,T,A,T,T,A,A,T,G,T,T,A,C,C,T,T,T,Indica,114.2,GGGAGCCGTATTAATGTTACCTTT
W234,G,G,G,A,G,C,C,G,T,A,T,G,T,A,T,G,T,T,A,C,C,T,T,T,Indica,112.8,GGGAGCCGTATGTATGTTACCTTT
W235,G,G,G,G,A,T,C,A,C,A,G,T,A,A,T,G,T,T,T,C,C,T,T,C,Indica,148.4,GGGGATCACAGTAATGTTTCCTTC
W236,G,G,G,A,G,C,G,G,T,A,T,T,A,A,T,G,C,C,A,C,C,T,T,T,Indica,101.8,GGGAGCGGTATTAATGCCACCTTT
W237,G,G,G,G,G,C,G,G,T,A,T,G,A,A,T,G,T,T,A,C,C,T,T,T,Indica,115.8,GGGGGCGGTATGAATGTTACCTTT
W238,G,G,G,A,G,C,G,G,T,A,T,G,A,A,T,G,T,T,A,C,C,T,T,T,Indica,95.4,GGGAGCGGTATGAATGTTACCTTT
W239,G,G,G,A,G,C,G,G,T,A,T,G,T,A,T,G,T,T,A,C,C,T,T,C,Indica,109.8,GGGAGCGGTATGTATGTTACCTTC
W240,G,G,G,A,G,C,C,G,T,A,G,T,A,A,T,G,T,T,A,C,C,C,T,T,Indica,111.6,GGGAGCCGTAGTAATGTTACCCTT
W241,G,G,G,A,G,C,G,A,C,C,G,G,T,A,T,G,T,T,T,C,C,T,T,T,Indica,119.2,GGGAGCGACCGGTATGTTTCCTTT
W242,G,G,G,A,G,C,G,G,T,A,T,G,T,A,T,G,T,T,A,C,C,T,T,T,Indica,106.2,GGGAGCGGTATGTATGTTACCTTT
W243,G,G,G,A,G,C,G,G,T,A,T,G,T,A,T,G,C,C,A,C,C,T,T,T,Indica,105.6,GGGAGCGGTATGTATGCCACCTTT
W244,G,G,G,A,G,C,G,G,T,A,T,T,A,A,T,G,C,C,A,C,C,T,T,T,Indica,102.4,GGGAGCGGTATTAATGCCACCTTT
W245,G,G,G,A,G,C,G,A,T,A,G,T,A,A,T,G,T,T,A,A,C,T,T,T,Indica,121.6,GGGAGCGATAGTAATGTTAACTTT
W246,G,G,G,G,A,C,C,A,T,C,T,T,A,A,T,G,T,T,A,C,C,T,T,C,Indica,151.0,GGGGACCATCTTAATGTTACCTTC
W247,G,G,G,G,A,C,C,A,C,A,G,T,A,A,T,G,T,T,A,C,C,T,C,T,Indica,170.2,GGGGACCACAGTAATGTTACCTCT
W248,G,G,G,G,G,C,C,A,T,C,G,T,A,A,T,G,T,T,A,C,C,T,T,T,Indica,145.4,GGGGGCCATCGTAATGTTACCTTT
W249,G,A,A,A,G,C,C,A,T,A,G,G,T,G,A,A,C,C,A,A,C,C,T,T,Japonica,125.8,GAAAGCCATAGGTGAACCAACCTT
W250,G,A,A,A,G,C,C,A,T,A,G,G,T,G,A,A,C,C,A,A,C,C,T,T,Japonica,123.2,GAAAGCCATAGGTGAACCAACCTT
W251,A,G,G,G,G,C,C,A,T,A,G,G,T,A,A,A,C,C,A,A,C,T,T,T,Japonica,129.8,AGGGGCCATAGGTAAACCAACTTT
W252,G,G,G,G,G,C,C,A,C,C,G,G,T,A,T,A,C,C,T,C,C,C,C,C,VI/Aromatic,178.0,GGGGGCCACCGGTATACCTCCCCC
W253,G,G,G,G,G,C,C,A,T,A,G,G,T,A,A,G,C,C,A,A,C,T,T,T,Japonica,146.2,GGGGGCCATAGGTAAGCCAACTTT
W254,G,G,G,G,G,C,C,A,T,A,G,G,T,G,A,G,C,C,A,A,C,T,T,T,Japonica,143.4,GGGGGCCATAGGTGAGCCAACTTT
W255,G,G,G,G,G,C,C,A,C,C,G,G,T,G,T,G,C,C,T,C,C,C,C,C,VI/Aromatic,145.8,GGGGGCCACCGGTGTGCCTCCCCC
W256,G,G,G,G,G,C,C,A,C,C,G,G,T,A,T,G,T,C,A,C,C,C,C,C,VI/Aromatic,160.0,GGGGGCCACCGGTATGTCACCCCC
W257,A,G,G,G,G,C,G,A,T,A,G,G,T,A,A,G,C,C,A,A,C,T,T,T,Japonica,171.6,AGGGGCGATAGGTAAGCCAACTTT
W258,G,G,G,G,G,C,C,A,C,C,G,T,A,A,T,A,C,C,A,C,C,C,C,C,VI/Aromatic,158.4,GGGGGCCACCGTAATACCACCCCC
W259,G,G,G,A,G,C,G,G,T,A,T,T,A,A,T,G,C,C,A,C,C,T,T,T,Indica,106.0,GGGAGCGGTATTAATGCCACCTTT
W260,A,A,G,G,G,C,C,A,T,A,G,G,T,A,T,G,C,C,A,A,C,T,T,C,Japonica,134.0,AAGGGCCATAGGTATGCCAACTTC
W261,G,G,G,G,G,C,C,A,T,A,G,T,A,A,T,G,T,C,T,A,C,C,C,C,Intermediate,132.4,GGGGGCCATAGTAATGTCTACCCC
W262,G,G,G,A,G,C,G,G,T,A,G,G,T,A,T,G,T,C,A,C,C,T,T,T,Indica,83.8,GGGAGCGGTAGGTATGTCACCTTT
W263,G,G,G,A,G,C,G,A,T,A,T,T,A,A,T,G,T,T,A,C,C,T,T,T,Indica,114.8,GGGAGCGATATTAATGTTACCTTT
W264,G,G,G,A,G,C,G,G,T,A,T,T,A,A,T,G,T,T,A,C,C,T,T,T,Indica,91.4,GGGAGCGGTATTAATGTTACCTTT
W265,G,G,G,A,G,C,G,A,T,A,T,T,A,A,T,G,T,T,A,C,C,T,T,T,Indica,120.4,GGGAGCGATATTAATGTTACCTTT
W266,G,G,G,G,G,C,G,A,T,C,G,T,A,A,T,G,T,T,A,C,C,T,T,C,Indica,132.6,GGGGGCGATCGTAATGTTACCTTC
W267,G,G,G,A,G,C,C,G,T,A,T,G,T,A,T,G,T,T,A,C,C,T,T,T,Indica,114.4,GGGAGCCGTATGTATGTTACCTTT
W268,G,G,G,A,G,C,G,G,T,A,G,T,A,A,T,G,T,T,A,C,C,T,T,T,Indica,91.4,GGGAGCGGTAGTAATGTTACCTTT
W269,G,G,G,A,G,C,G,G,T,A,T,T,A,A,T,G,T,T,A,C,C,T,T,C,Indica,96.0,GGGAGCGGTATTAATGTTACCTTC
W270,G,G,G,G,A,C,G,G,T,A,T,T,A,A,T,G,T,T,A,C,C,T,T,C,Indica,99.0,GGGGACGGTATTAATGTTACCTTC
W271,G,G,G,A,G,C,G,G,T,A,T,T,A,A,T,G,T,T,A,C,C,T,T,T,Indica,95.8,GGGAGCGGTATTAATGTTACCTTT
W272,G,G,G,G,A,C,C,A,C,C,G,T,A,A,T,G,T,T,T,C,C,T,T,C,Indica,155.6,GGGGACCACCGTAATGTTTCCTTC
W273,A,G,G,G,G,C,C,A,T,A,G,G,T,A,A,G,C,C,A,A,C,T,T,C,Japonica,156.2,AGGGGCCATAGGTAAGCCAACTTC
W274,G,G,G,A,G,C,G,G,T,A,T,T,A,A,T,G,T,T,T,C,C,T,T,T,Indica,70.8,GGGAGCGGTATTAATGTTTCCTTT
W275,G,G,G,G,G,C,C,A,T,A,G,G,T,A,A,G,C,C,A,A,C,T,T,T,Japonica,148.2,GGGGGCCATAGGTAAGCCAACTTT
W276,G,G,G,A,G,C,G,A,T,C,G,T,A,A,T,G,T,C,A,C,C,T,T,T,Indica,160.2,GGGAGCGATCGTAATGTCACCTTT
W277,G,G,G,G,G,C,C,A,C,A,G,T,A,A,T,G,T,C,T,C,C,C,C,C,Aus,142.0,GGGGGCCACAGTAATGTCTCCCCC
W278,G,G,G,G,G,C,C,A,C,C,G,G,A,A,T,G,T,C,T,C,C,C,C,C,Aus,146.6,GGGGGCCACCGGAATGTCTCCCCC
W279,G,G,G,G,G,C,C,A,C,C,G,G,T,A,T,G,T,C,T,C,C,C,C,C,Aus,166.6,GGGGGCCACCGGTATGTCTCCCCC
W280,G,G,G,G,G,C,C,A,C,C,G,T,A,A,T,G,T,C,T,C,C,C,T,C,Aus,145.8,GGGGGCCACCGTAATGTCTCCCTC
W281,A,A,G,A,G,C,C,A,T,A,G,G,T,G,T,G,T,T,A,A,C,C,T,T,Japonica,150.0,AAGAGCCATAGGTGTGTTAACCTT
W282,G,G,G,A,G,C,C,A,C,C,G,G,A,A,T,G,T,T,A,C,C,T,T,C,Indica,134.8,GGGAGCCACCGGAATGTTACCTTC
W283,G,A,A,A,G,C,C,A,T,A,G,G,T,G,T,A,C,C,A,A,C,C,T,T,Japonica,68.4,GAAAGCCATAGGTGTACCAACCTT
W284,G,A,G,G,G,C,C,A,T,A,G,T,A,A,A,G,C,C,A,A,C,T,T,C,Japonica,135.4,GAGGGCCATAGTAAAGCCAACTTC
W285,G,A,G,G,G,C,C,A,T,A,G,T,A,A,A,G,C,C,A,A,C,T,T,T,Japonica,134.6,GAGGGCCATAGTAAAGCCAACTTT
W286,G,G,G,G,G,C,C,A,C,C,G,G,A,A,T,G,T,C,T,C,C,C,T,C,Aus,154.8,GGGGGCCACCGGAATGTCTCCCTC
W287,G,G,G,G,G,C,C,A,C,C,G,G,T,A,T,G,T,C,T,C,C,C,T,C,Aus,150.2,GGGGGCCACCGGTATGTCTCCCTC
W288,A,A,G,G,G,C,C,A,T,A,G,G,T,A,A,G,C,C,A,A,C,T,T,C,Japonica,144.2,AAGGGCCATAGGTAAGCCAACTTC
W289,G,G,G,A,G,C,G,G,T,A,T,G,A,A,T,G,T,T,A,C,C,T,T,T,Indica,104.4,GGGAGCGGTATGAATGTTACCTTT
W290,G,A,G,A,G,C,C,A,T,A,G,G,T,A,T,G,T,T,A,A,C,C,C,T,Japonica,116.4,GAGAGCCATAGGTATGTTAACCCT
W291,G,G,G,A,G,C,G,G,T,A,T,T,A,A,T,G,T,T,T,C,C,T,T,T,Indica,96.6,GGGAGCGGTATTAATGTTTCCTTT
W292,G,G,G,G,G,C,C,A,C,C,G,G,A,A,T,G,T,T,T,C,C,C,T,C,Aus,164.2,GGGGGCCACCGGAATGTTTCCCTC
W293,G,G,G,A,G,C,G,G,T,A,T,T,T,A,T,G,T,T,A,C,C,T,T,T,Indica,83.4,GGGAGCGGTATTTATGTTACCTTT
W294,G,G,G,G,G,C,C,G,T,A,T,T,A,A,T,G,C,C,A,A,C,T,T,T,Intermediate,118.8,GGGGGCCGTATTAATGCCAACTTT
W295,G,G,G,A,G,C,G,G,T,A,T,T,A,A,T,G,T,T,A,C,C,T,T,T,Indica,99.6,GGGAGCGGTATTAATGTTACCTTT
W296,G,G,G,G,G,C,C,A,C,C,G,T,A,A,T,G,T,C,T,C,C,C,T,C,Aus,138.8,GGGGGCCACCGTAATGTCTCCCTC
W297,G,G,G,G,G,C,C,A,C,C,G,T,A,A,T,G,T,C,T,C,C,C,T,C,Aus,161.2,GGGGGCCACCGTAATGTCTCCCTC
W298,G,G,G,A,G,C,G,G,T,A,T,T,A,A,T,G,T,T,T,C,C,T,T,T,Indica,95.2,GGGAGCGGTATTAATGTTTCCTTT
W299,G,G,G,A,G,C,G,G,T,A,T,G,T,A,T,G,T,T,T,C,C,T,T,T,Indica,90.8,GGGAGCGGTATGTATGTTTCCTTT
W300,G,A,G,G,G,C,C,A,T,A,G,T,A,G,T,G,C,C,A,A,C,T,T,T,Japonica,107.2,GAGGGCCATAGTAGTGCCAACTTT
W301,G,G,G,A,G,C,G,G,T,A,T,G,T,A,T,G,T,T,A,C,C,T,T,T,Indica,95.6,GGGAGCGGTATGTATGTTACCTTT
W302,A,G,G,G,G,C,C,A,T,A,G,G,T,A,T,G,C,C,A,A,C,C,T,T,Japonica,166.8,AGGGGCCATAGGTATGCCAACCTT
W303,G,G,G,G,G,C,C,A,T,A,G,G,T,A,A,G,C,C,A,A,C,T,T,T,Japonica,157.8,GGGGGCCATAGGTAAGCCAACTTT
W304,G,G,G,G,G,C,C,A,T,A,G,G,T,A,T,G,T,T,T,A,C,T,T,T,Intermediate,95.8,GGGGGCCATAGGTATGTTTACTTT
W305,G,A,A,A,G,C,C,A,T,A,G,G,T,G,T,A,C,C,A,A,C,C,T,T,Japonica,74.0,GAAAGCCATAGGTGTACCAACCTT
W306,G,G,G,A,G,C,G,G,T,A,T,G,T,A,T,G,T,C,T,C,C,C,C,C,VI/Aromatic,129.6,GGGAGCGGTATGTATGTCTCCCCC
W307,G,G,G,A,G,C,G,G,T,A,T,T,A,A,T,G,T,T,A,C,C,T,T,T,Indica,101.0,GGGAGCGGTATTAATGTTACCTTT
W308,G,G,G,A,G,C,G,G,T,A,T,T,A,A,T,G,T,T,A,C,C,T,T,T,Indica,109.4,GGGAGCGGTATTAATGTTACCTTT
W309,G,G,G,A,G,C,G,G,T,A,T,T,A,A,T,G,T,T,A,C,C,T,T,T,Indica,112.2,GGGAGCGGTATTAATGTTACCTTT
W310,G,G,G,A,G,C,C,A,C,C,G,G,T,A,T,G,T,T,A,C,C,T,T,T,Indica,111.2,GGGAGCCACCGGTATGTTACCTTT
W311,G,G,G,A,G,C,G,G,T,A,T,G,T,A,T,G,T,T,A,C,C,T,T,T,Indica,100.6,GGGAGCGGTATGTATGTTACCTTT
W312,G,G,G,A,G,C,G,G,T,A,T,T,A,A,T,G,T,T,A,C,C,T,T,T,Indica,111.6,GGGAGCGGTATTAATGTTACCTTT
W313,G,G,G,A,G,C,G,G,T,A,T,T,T,A,T,G,T,T,A,C,C,C,T,T,Indica,110.4,GGGAGCGGTATTTATGTTACCCTT
W314,G,G,G,G,G,C,C,A,C,C,G,G,T,A,T,G,T,T,A,C,C,T,T,C,Indica,111.2,GGGGGCCACCGGTATGTTACCTTC
W315,G,G,G,A,G,C,G,G,T,A,T,T,A,A,T,G,T,T,A,C,C,T,T,T,Indica,102.0,GGGAGCGGTATTAATGTTACCTTT
W316,G,G,G,A,G,C,G,G,T,A,T,G,T,A,T,G,T,T,A,C,C,T,T,T,Indica,99.0,GGGAGCGGTATGTATGTTACCTTT
W317,G,G,G,A,G,C,G,G,T,A,T,T,A,A,T,G,T,T,A,C,C,T,T,T,Indica,110.4,GGGAGCGGTATTAATGTTACCTTT
W318,G,G,G,G,G,C,G,A,T,C,G,G,T,A,T,G,T,T,A,C,C,T,T,T,Indica,139.3,GGGGGCGATCGGTATGTTACCTTT
W319,A,G,G,G,G,C,C,A,T,A,G,G,T,A,A,G,T,T,A,C,T,C,C,C,Japonica,174.2,AGGGGCCATAGGTAAGTTACTCCC
W320,G,G,G,G,A,C,C,A,C,A,G,T,A,A,T,G,T,T,T,C,C,T,T,C,Indica,177.2,GGGGACCACAGTAATGTTTCCTTC
W321,G,G,G,A,G,C,G,G,T,A,T,G,T,A,T,G,T,T,T,C,C,T,T,T,Indica,160.6,GGGAGCGGTATGTATGTTTCCTTT
W322,G,G,G,A,G,C,C,G,T,A,T,G,A,A,T,G,T,T,A,C,C,T,T,T,Indica,109.0,GGGAGCCGTATGAATGTTACCTTT
W323,G,A,A,A,G,C,C,A,T,A,G,G,T,A,T,A,C,C,A,A,C,C,T,C,Japonica,136.4,GAAAGCCATAGGTATACCAACCTC
W324,G,A,G,A,G,C,C,A,T,A,G,G,T,A,T,A,C,C,A,A,C,C,T,C,Japonica,156.0,GAGAGCCATAGGTATACCAACCTC
W325,A,A,G,G,G,C,C,A,T,A,G,G,T,G,A,G,T,T,A,A,C,C,T,C,Japonica,135.8,AAGGGCCATAGGTGAGTTAACCTC
W326,G,A,G,A,G,C,C,A,T,A,G,G,T,G,T,A,C,C,A,A,C,C,T,C,Japonica,155.4,GAGAGCCATAGGTGTACCAACCTC
W327,G,A,A,A,G,C,C,A,T,A,G,G,T,G,T,G,T,T,A,A,C,C,T,C,Japonica,89.8,GAAAGCCATAGGTGTGTTAACCTC
W328,G,A,A,A,G,C,C,A,T,A,G,G,T,A,T,A,C,C,A,C,C,C,T,T,Intermediate,117.4,GAAAGCCATAGGTATACCACCCTT
W329,A,G,G,G,G,C,C,A,T,A,G,G,T,A,T,G,C,C,A,A,C,T,T,C,Japonica,147.4,AGGGGCCATAGGTATGCCAACTTC
W330,G,G,G,G,G,C,C,A,C,C,G,T,A,A,T,G,T,C,T,C,C,C,C,C,Aus,149.6,GGGGGCCACCGTAATGTCTCCCCC
