k,sequence,min,max,height,inRange
1,GAGNGCCATNGGTNNGCCANC,105.07,146.0,126.0,True
1,NNNCCNNCGNNNNNNCANCTT,170.17,170.17,170.0,True
1,GNGNNNCNNNNNNNNNNCNNCNTN,141.57,141.57,110.0,False
1,NGGGGCCNTAGNNGNGTTAACCNC,174.8,174.8,130.0,False
1,GAGNGCCATAGGTNAGCCAACCTT,153.4,169.4,169.0,True
1,NNAAGCNGTATGTNTNNNNNCT,82.43,94.0,97.9,True
1,GNGNNNNGTATNNNTNNNAN,91.4,118.07,106.0,True
1,NNANGCNATCGNNNTNNNAACN,85.33,92.33,137.0,False
1,NNGNNNCANCGNNATNNCNNCC,144.13,144.13,137.0,True
1,GGACGGNATGTNNNNNANCNCT,102.46,102.46,96.0,True
1,AGAGCCATAGNNGNGNNAACCT,141.57,141.57,128.0,False
1,GAAAGCCATAGGTGTACCAACCTT,68.4,107.0,147.0,False
1,GAAAGCCATAGG,114.1,129.0,98.0,False
1,GAGGGCCATAGGTATGTCACCTTT,153.4,169.4,177.0,True
3,GAGNGCCATNGGTNNGCCANC,153.4,169.4,126.0,False
3,NNNCCNNCGNNNNNNCANCTT,170.17,170.17,170.0,True
3,GNGNNNCNNNNNNNNNNCNNCNTN,141.57,141.57,110.0,False
3,NGGGGCCNTAGNNGNGTTAACCNC,140.61,164.73,130.0,False
3,GAGNGCCATAGGTNAGCCAACCTT,153.4,169.4,169.0,True
3,NNAAGCNGTATGTNTNNNNNCT,82.43,94.0,97.9,True
3,GNGNNNNGTATNNNTNNNAN,91.4,118.07,106.0,True
3,NNANGCNATCGNNNTNNNAACN,85.33,92.33,137.0,False
3,NNGNNNCANCGNNATNNCNNCC,144.13,144.13,137.0,True
3,GGACGGNATGTNNNNNANCNCT,102.46,102.46,96.0,True
3,AGAGCCATAGNNGNGNNAACCT,117.93,131.3,128.0,True
3,GAAAGCCATAGGTGTACCAACCTT,68.4,107.0,147.0,False
3,GAAAGCCATAGG,68.4,107.0,98.0,True
3,GAGGGCCATAGGTATGTCACCTTT,153.4,169.4,177.0,True
5,GAGNGCCATNGGTNNGCCANC,153.4,169.4,126.0,False
5,NNNCCNNCGNNNNNNCANCTT,170.17,170.17,170.0,True
5,GNGNNNCNNNNNNNNNNCNNCNTN,,,110.0,False
5,NGGGGCCNTAGNNGNGTTAACCNC,140.61,164.73,130.0,False
5,GAGNGCCATAGGTNAGCCAACCTT,153.4,169.4,169.0,True
5,NNAAGCNGTATGTNTNNNNNCT,82.43,94.0,97.9,True
5,GNGNNNNGTATNNNTNNNAN,91.4,118.07,106.0,True
5,NNANGCNATCGNNNTNNNAACN,85.33,92.33,137.0,False
5,NNGNNNCANCGNNATNNCNNCC,144.13,144.13,137.0,True
5,GGACGGNATGTNNNNNANCNCT,116.63,116.63,96.0,False
5,AGAGCCATAGNNGNGNNAACCT,117.93,131.3,128.0,True
5,GAAAGCCATAGGTGTACCAACCTT,68.4,107.0,147.0,False
5,GAAAGCCATAGG,68.4,107.0,98.0,True
5,GAGGGCCATAGGTATGTCACCTTT,,,177.0,False
7,GAGNGCCATNGGTNNGCCANC,153.4,169.4,126.0,False
7,NNNCCNNCGNNNNNNCANCTT,,,170.0,False
7,GNGNNNCNNNNNNNNNNCNNCNTN,,,110.0,False
7,NGGGGCCNTAGNNGNGTTAACCNC,140.61,164.73,130.0,False
7,GAGNGCCATAGGTNAGCCAACCTT,153.4,169.4,169.0,True
7,NNAAGCNGTATGTNTNNNNNCT,82.43,94.0,97.9,True
7,GNGNNNNGTATNNNTNNNAN,91.4,118.07,106.0,True
7,NNANGCNATCGNNNTNNNAACN,68.4,107.0,137.0,False
7,NNGNNNCANCGNNATNNCNNCC,147.15,160.57,137.0,False
7,GGACGGNATGTNNNNNANCNCT,95.6,123.8,96.0,True
7,AGAGCCATAGNNGNGNNAACCT,117.93,131.3,128.0,True
7,GAAAGCCATAGGTGTACCAACCTT,68.4,107.0,147.0,False
7,GAAAGCCATAGG,68.4,107.0,98.0,True
7,GAGGGCCATAGGTATGTCACCTTT,,,177.0,False
9,GAGNGCCATNGGTNNGCCANC,153.4,169.4,126.0,False
9,NNNCCNNCGNNNNNNCANCTT,68.4,107.0,170.0,False
9,GNGNNNCNNNNNNNNNNCNNCNTN,107.2,107.2,110.0,True
9,NGGGGCCNTAGNNGNGTTAACCNC,140.61,164.73,130.0,False
9,GAGNGCCATAGGTNAGCCAACCTT,153.4,169.4,169.0,True
9,NNAAGCNGTATGTNTNNNNNCT,82.43,94.0,97.9,True
9,GNGNNNNGTATNNNTNNNAN,91.4,118.07,106.0,True
9,NNANGCNATCGNNNTNNNAACN,68.4,107.0,137.0,False
9,NNGNNNCANCGNNATNNCNNCC,,,137.0,False
9,GGACGGNATGTNNNNNANCNCT,95.6,123.8,96.0,True
9,AGAGCCATAGNNGNGNNAACCT,117.93,131.3,128.0,True
9,GAAAGCCATAGGTGTACCAACCTT,68.4,107.0,147.0,False
9,GAAAGCCATAGG,68.4,107.0,98.0,True
9,GAGGGCCATAGGTATGTCACCTTT,,,177.0,False
